<?xml version = '1.0' encoding = 'UTF-8'?>
<Diagram class="oracle.dbtools.crest.swingui.relational.DPVRelational" name="Relational_1" id="C8059DDF-E38F-4FCD-74D2-0FF763060EA2">
<createdBy>dell</createdBy>
<modifiedBy>dell</modifiedBy>
<createdTime>2025-04-23 11:47:51 UTC</createdTime>
<autoRoute>false</autoRoute>
<boxInbox>true</boxInbox>
<showLegend>false</showLegend>
<showLabels>false</showLabels>
<showRelAttributes>false</showRelAttributes>
<gridEnabled>false</gridEnabled>
<showGrid>false</showGrid>
<diagramColor>-1</diagramColor>
<display>false</display>
<notation>1</notation>
<objectViews>
<OView class="oracle.dbtools.crest.swingui.relational.TVTable" oid="0C858975-ACCD-5279-3753-C399D886D16C" otype="Table" vid="B49D33D7-FF34-F15E-1BA4-84FECAF6530C">
<hideElementsInCurrentOnly>false</hideElementsInCurrentOnly>
<bounds x="778" y="639" width="287" height="108"/>
</OView>
<OView class="oracle.dbtools.crest.swingui.relational.TVTable" oid="110773BC-71E6-4A9F-8E54-1FDFC64B68CB" otype="Table" vid="40D345AD-A9A3-209B-38B6-F3C0BDB2E2FC">
<hideElementsInCurrentOnly>false</hideElementsInCurrentOnly>
<bounds x="125" y="134" width="265" height="88"/>
<useDefaultColor>false</useDefaultColor>
<backgroundColor>-3342337</backgroundColor>
<foregroundColor>-16776961</foregroundColor>
</OView>
<OView class="oracle.dbtools.crest.swingui.relational.TVTable" oid="12420786-13D2-B6D8-A234-3897E5CB1E3E" otype="Table" vid="BAE287CD-B4BB-1972-A90E-0B7D0666FF58">
<hideElementsInCurrentOnly>false</hideElementsInCurrentOnly>
<bounds x="576" y="195" width="346" height="164"/>
</OView>
<OView class="oracle.dbtools.crest.swingui.relational.TVTable" oid="2D178652-22B1-107C-23C8-E5D25CE4CF16" otype="Table" vid="5A5A7590-3812-59D1-7775-91E6C79B5975">
<hideElementsInCurrentOnly>false</hideElementsInCurrentOnly>
<bounds x="3" y="509" width="378" height="108"/>
</OView>
<OView class="oracle.dbtools.crest.swingui.relational.TVTable" oid="5A46CFFB-B408-AC32-2560-C95592D7D3F5" otype="Table" vid="47694BA0-973A-29A9-5C2A-3DC14C1DD2D2">
<hideElementsInCurrentOnly>false</hideElementsInCurrentOnly>
<bounds x="656" y="0" width="374" height="150"/>
</OView>
<OView class="oracle.dbtools.crest.swingui.relational.TVTable" oid="617E626F-D19A-D4A3-2DBE-D47DFA56CD16" otype="Table" vid="2A5F1608-C2B0-9314-886F-1BD857371E8F">
<hideElementsInCurrentOnly>false</hideElementsInCurrentOnly>
<bounds x="268" y="4" width="345" height="122"/>
</OView>
<OView class="oracle.dbtools.crest.swingui.relational.TVTable" oid="6229A79B-ED12-EF5F-CA5E-D517619F225C" otype="Table" vid="18066D4C-9F93-3F6F-1AB5-69EC9B630C5F">
<hideElementsInCurrentOnly>false</hideElementsInCurrentOnly>
<bounds x="471" y="371" width="425" height="150"/>
</OView>
<OView class="oracle.dbtools.crest.swingui.relational.TVTable" oid="6F76C31B-906C-FBF8-1E2F-15431083762C" otype="Table" vid="641E190B-6221-7021-0E73-DA4AE61D75F3">
<hideElementsInCurrentOnly>false</hideElementsInCurrentOnly>
<bounds x="769" y="534" width="274" height="94"/>
</OView>
<OView class="oracle.dbtools.crest.swingui.relational.TVTable" oid="815C67A7-C8B3-1CE2-3EF7-3FBB791C47DC" otype="Table" vid="98A60FB4-30F7-2A3A-246C-BFA82952F432">
<hideElementsInCurrentOnly>false</hideElementsInCurrentOnly>
<bounds x="415" y="534" width="309" height="192"/>
</OView>
<OView class="oracle.dbtools.crest.swingui.relational.TVTable" oid="9356D512-022A-8A91-9A1B-5052FAA5974C" otype="Table" vid="65AFC5E7-CD64-F07C-8E1B-A6A0BB40908F">
<hideElementsInCurrentOnly>false</hideElementsInCurrentOnly>
<bounds x="32" y="648" width="234" height="74"/>
<useDefaultColor>false</useDefaultColor>
<backgroundColor>-3342337</backgroundColor>
<foregroundColor>-16776961</foregroundColor>
</OView>
<OView class="oracle.dbtools.crest.swingui.relational.TVTable" oid="ABDBC8CC-3DA3-9FE2-043D-A9A77CB37EAA" otype="Table" vid="B73E8F0B-E8A2-75EC-55D7-87A59E2B24F2">
<hideElementsInCurrentOnly>false</hideElementsInCurrentOnly>
<bounds x="2" y="3" width="196" height="74"/>
<useDefaultColor>false</useDefaultColor>
<backgroundColor>-3342337</backgroundColor>
<foregroundColor>-16776961</foregroundColor>
</OView>
<OView class="oracle.dbtools.crest.swingui.relational.TVTable" oid="BB3AD685-8B27-DA31-68FF-BB1B48F2B0D4" otype="Table" vid="9B57A5B0-EC99-6CB6-63D2-39B56718B804">
<hideElementsInCurrentOnly>false</hideElementsInCurrentOnly>
<bounds x="1" y="363" width="228" height="116"/>
<useDefaultColor>false</useDefaultColor>
<backgroundColor>-3342337</backgroundColor>
<foregroundColor>-16776961</foregroundColor>
</OView>
<OView class="oracle.dbtools.crest.swingui.relational.TVTable" oid="D377C788-F74B-1004-25FD-8046C3681B90" otype="Table" vid="3725342E-7B6A-AE47-E287-BDD6E72FB975">
<hideElementsInCurrentOnly>false</hideElementsInCurrentOnly>
<bounds x="3" y="239" width="539" height="108"/>
</OView>
</objectViews>
<connectors>
<Connector class="oracle.dbtools.crest.swingui.relational.TVFKRelation" oid="113B47B3-11D5-CEB7-E6F7-D0E7DE352CA4" otype="FKIndexAssociation" vid_source="98A60FB4-30F7-2A3A-246C-BFA82952F432" vid_target="BAE287CD-B4BB-1972-A90E-0B7D0666FF58">
<hideElementsInCurrentOnly>false</hideElementsInCurrentOnly>
<backgroundColor>-16777216</backgroundColor>
<lineWidth>1</lineWidth>
<points>
<point x="650" y="534"/>
<point x="650" y="359"/>
</points>
</Connector>
<Connector class="oracle.dbtools.crest.swingui.relational.TVFKRelation" oid="1E1C44A2-0C3C-9EFC-83D4-FD050B40667C" otype="FKIndexAssociation" vid_source="2A5F1608-C2B0-9314-886F-1BD857371E8F" vid_target="47694BA0-973A-29A9-5C2A-3DC14C1DD2D2">
<hideElementsInCurrentOnly>false</hideElementsInCurrentOnly>
<backgroundColor>-16777216</backgroundColor>
<lineWidth>1</lineWidth>
<points>
<point x="613" y="65"/>
<point x="656" y="65"/>
</points>
</Connector>
<Connector class="oracle.dbtools.crest.swingui.relational.TVFKRelation" oid="27096617-167F-B4D9-66FF-00AA15BDA7E5" otype="FKIndexAssociation" vid_source="98A60FB4-30F7-2A3A-246C-BFA82952F432" vid_target="5A5A7590-3812-59D1-7775-91E6C79B5975">
<hideElementsInCurrentOnly>false</hideElementsInCurrentOnly>
<backgroundColor>-16777216</backgroundColor>
<lineWidth>1</lineWidth>
<points>
<point x="415" y="575"/>
<point x="381" y="575"/>
</points>
</Connector>
<Connector class="oracle.dbtools.crest.swingui.relational.TVFKRelation" oid="29D96C92-5C47-9ED6-4553-EE22DB4BDB6A" otype="FKIndexAssociation" vid_source="9B57A5B0-EC99-6CB6-63D2-39B56718B804" vid_target="98A60FB4-30F7-2A3A-246C-BFA82952F432">
<hideElementsInCurrentOnly>false</hideElementsInCurrentOnly>
<backgroundColor>-16777216</backgroundColor>
<lineWidth>1</lineWidth>
<points>
<point x="229" y="473"/>
<point x="415" y="558"/>
</points>
</Connector>
<Connector class="oracle.dbtools.crest.swingui.relational.TVFKRelation" oid="591C70AA-B7B7-9D8A-FAA5-D06E5FDEEFD7" otype="FKIndexAssociation" vid_source="18066D4C-9F93-3F6F-1AB5-69EC9B630C5F" vid_target="3725342E-7B6A-AE47-E287-BDD6E72FB975">
<hideElementsInCurrentOnly>false</hideElementsInCurrentOnly>
<backgroundColor>-16777216</backgroundColor>
<lineWidth>1</lineWidth>
<points>
<point x="506" y="371"/>
<point x="506" y="347"/>
</points>
</Connector>
<Connector class="oracle.dbtools.crest.swingui.relational.TVFKRelation" oid="70F5A488-1884-0CE5-9F7E-F62D4FE15F5E" otype="FKIndexAssociation" vid_source="98A60FB4-30F7-2A3A-246C-BFA82952F432" vid_target="B49D33D7-FF34-F15E-1BA4-84FECAF6530C">
<hideElementsInCurrentOnly>false</hideElementsInCurrentOnly>
<backgroundColor>-16777216</backgroundColor>
<lineWidth>1</lineWidth>
<points>
<point x="724" y="682"/>
<point x="778" y="682"/>
</points>
</Connector>
<Connector class="oracle.dbtools.crest.swingui.relational.TVFKRelation" oid="75CC63DB-393E-3AF6-AC6E-94815B52DB9D" otype="FKIndexAssociation" vid_source="65AFC5E7-CD64-F07C-8E1B-A6A0BB40908F" vid_target="98A60FB4-30F7-2A3A-246C-BFA82952F432">
<hideElementsInCurrentOnly>false</hideElementsInCurrentOnly>
<backgroundColor>-16777216</backgroundColor>
<lineWidth>1</lineWidth>
<points>
<point x="266" y="685"/>
<point x="415" y="685"/>
</points>
</Connector>
<Connector class="oracle.dbtools.crest.swingui.relational.TVFKRelation" oid="79E7586C-4CCF-1521-AF79-D1D556DF72D1" otype="FKIndexAssociation" vid_source="B73E8F0B-E8A2-75EC-55D7-87A59E2B24F2" vid_target="3725342E-7B6A-AE47-E287-BDD6E72FB975">
<hideElementsInCurrentOnly>false</hideElementsInCurrentOnly>
<backgroundColor>-16777216</backgroundColor>
<lineWidth>1</lineWidth>
<points>
<point x="100" y="77"/>
<point x="100" y="239"/>
</points>
</Connector>
<Connector class="oracle.dbtools.crest.swingui.relational.TVFKRelation" oid="864CF456-DD28-D66F-8F37-9880033529F1" otype="FKIndexAssociation" vid_source="B73E8F0B-E8A2-75EC-55D7-87A59E2B24F2" vid_target="2A5F1608-C2B0-9314-886F-1BD857371E8F">
<hideElementsInCurrentOnly>false</hideElementsInCurrentOnly>
<backgroundColor>-16777216</backgroundColor>
<lineWidth>1</lineWidth>
<points>
<point x="198" y="40"/>
<point x="268" y="40"/>
</points>
</Connector>
<Connector class="oracle.dbtools.crest.swingui.relational.TVFKRelation" oid="93C7960F-06BF-6DC2-28C5-F0C30EE4CE4A" otype="FKIndexAssociation" vid_source="BAE287CD-B4BB-1972-A90E-0B7D0666FF58" vid_target="47694BA0-973A-29A9-5C2A-3DC14C1DD2D2">
<hideElementsInCurrentOnly>false</hideElementsInCurrentOnly>
<backgroundColor>-16777216</backgroundColor>
<lineWidth>1</lineWidth>
<points>
<point x="789" y="195"/>
<point x="789" y="150"/>
</points>
</Connector>
<Connector class="oracle.dbtools.crest.swingui.relational.TVFKRelation" oid="D6034633-A9A1-3F12-75E5-91E1449D8B79" otype="FKIndexAssociation" vid_source="9B57A5B0-EC99-6CB6-63D2-39B56718B804" vid_target="18066D4C-9F93-3F6F-1AB5-69EC9B630C5F">
<hideElementsInCurrentOnly>false</hideElementsInCurrentOnly>
<backgroundColor>-16777216</backgroundColor>
<lineWidth>1</lineWidth>
<points>
<point x="229" y="425"/>
<point x="471" y="425"/>
</points>
</Connector>
<Connector class="oracle.dbtools.crest.swingui.relational.TVFKRelation" oid="E5314188-6A18-8615-505E-A5288A1F32F8" otype="FKIndexAssociation" vid_source="40D345AD-A9A3-209B-38B6-F3C0BDB2E2FC" vid_target="BAE287CD-B4BB-1972-A90E-0B7D0666FF58">
<hideElementsInCurrentOnly>false</hideElementsInCurrentOnly>
<backgroundColor>-16777216</backgroundColor>
<lineWidth>1</lineWidth>
<points>
<point x="390" y="208"/>
<point x="576" y="208"/>
</points>
</Connector>
<Connector class="oracle.dbtools.crest.swingui.relational.TVFKRelation" oid="FB475EA2-1EA7-1B86-645E-BA4A574068A2" otype="FKIndexAssociation" vid_source="98A60FB4-30F7-2A3A-246C-BFA82952F432" vid_target="641E190B-6221-7021-0E73-DA4AE61D75F3">
<hideElementsInCurrentOnly>false</hideElementsInCurrentOnly>
<backgroundColor>-16777216</backgroundColor>
<lineWidth>1</lineWidth>
<points>
<point x="724" y="555"/>
<point x="769" y="555"/>
</points>
</Connector>
</connectors>
<arcs>
<Arc class="oracle.dbtools.crest.swingui.relational.TVFKArc" oid="FEE759A5-22F3-E8A5-C5D4-4BC37C829B2E" otype="FKArc" vid="9CE05553-8CCE-ACEB-359F-1594F69DACCE">
<hideElementsInCurrentOnly>false</hideElementsInCurrentOnly>
<bounds x="395" y="514" width="349" height="232"/>
</Arc>
</arcs>
</Diagram>