<?xml version = '1.0' encoding = 'UTF-8'?>
<InheritanceRelation class="oracle.dbtools.crest.model.design.logical.InheritanceRelation" name="Hierarchy_2" directorySegmentName="seg_0" id="09FC5D1F-04A0-31B6-6541-F02E559D7210">
<createdBy>dell</createdBy>
<createdTime>2025-04-23 10:32:38 UTC</createdTime>
<ownerDesignName>gabarito_cp02</ownerDesignName>
<engineerTo>
<item key="A151BA1B-ACBF-C676-0E9B-0DF0EC432E00" value="true"/>
</engineerTo>
<identifying>false</identifying>
<nameOnSource>Super Type</nameOnSource>
<nameOnTarget>Sub Type</nameOnTarget>
<optionalSource>true</optionalSource>
<optionalTarget>true</optionalTarget>
<sourceEntity>17F1798A-E2A2-3475-ADDF-EA4AF5BDB124</sourceEntity>
<targetEntity>D401A986-9A90-E1EA-00E9-88B431180D4B</targetEntity>
<transferable>true</transferable>
<deleteRule>NO ACTION</deleteRule>
</InheritanceRelation>