<?xml version = '1.0' encoding = 'UTF-8'?>
<InheritanceRelation class="oracle.dbtools.crest.model.design.logical.InheritanceRelation" name="Hierarchy_1" directorySegmentName="seg_0" id="DF222F20-694C-9A4C-9A4C-C119623F2F1D">
<createdBy>dell</createdBy>
<createdTime>2025-04-23 10:32:31 UTC</createdTime>
<ownerDesignName>gabarito_cp02</ownerDesignName>
<engineerTo>
<item key="A151BA1B-ACBF-C676-0E9B-0DF0EC432E00" value="true"/>
</engineerTo>
<identifying>false</identifying>
<nameOnSource>Super Type</nameOnSource>
<nameOnTarget>Sub Type</nameOnTarget>
<optionalSource>true</optionalSource>
<optionalTarget>true</optionalTarget>
<sourceEntity>17F1798A-E2A2-3475-ADDF-EA4AF5BDB124</sourceEntity>
<targetEntity>5B4C909F-F102-F3A1-FB92-4F8FE0C97950</targetEntity>
<transferable>true</transferable>
<deleteRule>NO ACTION</deleteRule>
</InheritanceRelation>