<?xml version = '1.0' encoding = 'UTF-8'?>
<Relation class="oracle.dbtools.crest.model.design.logical.Relation" name="Relation_8" directorySegmentName="seg_0" id="0D697DBE-DE3A-04C7-890C-D07D070D1E6B">
<createdBy>dell</createdBy>
<createdTime>2025-04-23 10:38:15 UTC</createdTime>
<ownerDesignName>Modelo Relacional</ownerDesignName>
<engineerTo>
<item key="A151BA1B-ACBF-C676-0E9B-0DF0EC432E00" value="true"/>
</engineerTo>
<sourcePk>69A4A6D9-1DB7-B24D-660B-F3E456F8BC5C</sourcePk>
<identifying>false</identifying>
<optionalSource>true</optionalSource>
<optionalTarget>false</optionalTarget>
<sourceCardinality>1</sourceCardinality>
<sourceEntity>8B5B48EE-A531-FBD2-E4D1-87AA7A799D55</sourceEntity>
<targetCardinalityString>*</targetCardinalityString>
<targetEntity>F9EE7E41-2F82-AA07-99E9-88FF117079CF</targetEntity>
<transferable>true</transferable>
<deleteRule>NO ACTION</deleteRule>
</Relation>