<?xml version = '1.0' encoding = 'UTF-8'?>
<Relation class="oracle.dbtools.crest.model.design.logical.Relation" name="Relation_5" directorySegmentName="seg_0" id="29F15C84-663E-B87D-8F8B-F1299A6392C5">
<createdBy>dell</createdBy>
<createdTime>2025-04-23 10:37:51 UTC</createdTime>
<ownerDesignName>Modelo Relacional</ownerDesignName>
<engineerTo>
<item key="A151BA1B-ACBF-C676-0E9B-0DF0EC432E00" value="true"/>
</engineerTo>
<sourcePk>1A2413A0-09C5-3526-54D5-87F502993E15</sourcePk>
<identifying>false</identifying>
<optionalSource>false</optionalSource>
<optionalTarget>false</optionalTarget>
<sourceCardinality>1</sourceCardinality>
<sourceEntity>44693DD6-B20C-A165-61A0-49DFA2AFFCA3</sourceEntity>
<targetCardinalityString>*</targetCardinalityString>
<targetEntity>A96564EC-DE50-E699-B9CB-B1187CB7FB24</targetEntity>
<transferable>true</transferable>
<deleteRule>NO ACTION</deleteRule>
</Relation>