<?xml version = '1.0' encoding = 'UTF-8'?>
<Relation class="oracle.dbtools.crest.model.design.logical.Relation" name="Relation_9" directorySegmentName="seg_0" id="4053D83F-6531-25ED-C03F-AA9C70C38396">
<createdBy>dell</createdBy>
<createdTime>2025-04-23 10:38:24 UTC</createdTime>
<ownerDesignName>Modelo Relacional</ownerDesignName>
<engineerTo>
<item key="A151BA1B-ACBF-C676-0E9B-0DF0EC432E00" value="true"/>
</engineerTo>
<sourcePk>6721904C-822D-9264-CB85-F66123AD7E3A</sourcePk>
<identifying>false</identifying>
<optionalSource>false</optionalSource>
<optionalTarget>false</optionalTarget>
<sourceCardinality>1</sourceCardinality>
<sourceEntity>17F1798A-E2A2-3475-ADDF-EA4AF5BDB124</sourceEntity>
<targetCardinalityString>*</targetCardinalityString>
<targetEntity>8B5B48EE-A531-FBD2-E4D1-87AA7A799D55</targetEntity>
<transferable>true</transferable>
<deleteRule>NO ACTION</deleteRule>
</Relation>