<?xml version = '1.0' encoding = 'UTF-8'?>
<Relation class="oracle.dbtools.crest.model.design.logical.Relation" name="Relation_10" directorySegmentName="seg_0" id="4223F482-548E-600A-837B-F176D222D000">
<createdBy>dell</createdBy>
<createdTime>2025-04-23 10:45:07 UTC</createdTime>
<ownerDesignName>Modelo Relacional</ownerDesignName>
<engineerTo>
<item key="A151BA1B-ACBF-C676-0E9B-0DF0EC432E00" value="true"/>
</engineerTo>
<sourcePk>6721904C-822D-9264-CB85-F66123AD7E3A</sourcePk>
<identifying>false</identifying>
<optionalSource>true</optionalSource>
<optionalTarget>false</optionalTarget>
<sourceCardinality>1</sourceCardinality>
<sourceEntity>17F1798A-E2A2-3475-ADDF-EA4AF5BDB124</sourceEntity>
<targetCardinalityString>*</targetCardinalityString>
<targetEntity>54DACE76-434B-4EAB-5263-1B8766FFC307</targetEntity>
<transferable>true</transferable>
<deleteRule>NO ACTION</deleteRule>
</Relation>