<?xml version = '1.0' encoding = 'UTF-8'?>
<Relation class="oracle.dbtools.crest.model.design.logical.Relation" name="Relation_13" directorySegmentName="seg_0" id="4EAFCC4F-9F03-90AF-C756-0F31D57D0202">
<createdBy>dell</createdBy>
<createdTime>2025-04-23 11:01:36 UTC</createdTime>
<ownerDesignName>Modelo Relacional</ownerDesignName>
<engineerTo>
<item key="A151BA1B-ACBF-C676-0E9B-0DF0EC432E00" value="true"/>
</engineerTo>
<sourcePk>3CF18483-9DF6-C299-F7DF-7FAC5F799C15</sourcePk>
<identifying>false</identifying>
<optionalSource>true</optionalSource>
<optionalTarget>false</optionalTarget>
<sourceCardinality>1</sourceCardinality>
<sourceEntity>EFDBFE7F-BA85-11DE-7B83-721E80666072</sourceEntity>
<targetCardinalityString>*</targetCardinalityString>
<targetEntity>8B5B48EE-A531-FBD2-E4D1-87AA7A799D55</targetEntity>
<transferable>true</transferable>
<deleteRule>NO ACTION</deleteRule>
</Relation>