<?xml version = '1.0' encoding = 'UTF-8'?>
<Relation class="oracle.dbtools.crest.model.design.logical.Relation" name="Relation_4" directorySegmentName="seg_0" id="4F2C6CAF-5353-E69B-8E8C-240C11064FDA">
<createdBy>dell</createdBy>
<createdTime>2025-04-23 10:37:47 UTC</createdTime>
<ownerDesignName>Modelo Relacional</ownerDesignName>
<engineerTo>
<item key="A151BA1B-ACBF-C676-0E9B-0DF0EC432E00" value="true"/>
</engineerTo>
<sourcePk>34D1F147-D19F-F121-ED41-E00A70A9D209</sourcePk>
<identifying>false</identifying>
<optionalSource>true</optionalSource>
<optionalTarget>false</optionalTarget>
<sourceCardinality>1</sourceCardinality>
<sourceEntity>E46508C6-611E-FDA0-1B5B-FBE2F9CA68CE</sourceEntity>
<targetCardinalityString>*</targetCardinalityString>
<targetEntity>A96564EC-DE50-E699-B9CB-B1187CB7FB24</targetEntity>
<transferable>true</transferable>
<deleteRule>NO ACTION</deleteRule>
</Relation>