<?xml version = '1.0' encoding = 'UTF-8'?>
<Relation class="oracle.dbtools.crest.model.design.logical.Relation" name="Relation_1" directorySegmentName="seg_0" id="6AB4A3E0-084E-00BF-3906-39D0F75C613B">
<createdBy>dell</createdBy>
<createdTime>2025-04-23 10:37:14 UTC</createdTime>
<ownerDesignName>Modelo Relacional</ownerDesignName>
<engineerTo>
<item key="A151BA1B-ACBF-C676-0E9B-0DF0EC432E00" value="true"/>
</engineerTo>
<sourcePk>1F475525-825E-170C-3978-32F4FCD4F018</sourcePk>
<identifying>false</identifying>
<optionalSource>true</optionalSource>
<optionalTarget>false</optionalTarget>
<sourceCardinality>1</sourceCardinality>
<sourceEntity>3DFFAD6F-B5D4-00A7-3B0F-E43CD79CBF30</sourceEntity>
<targetCardinalityString>*</targetCardinalityString>
<targetEntity>17F1798A-E2A2-3475-ADDF-EA4AF5BDB124</targetEntity>
<transferable>true</transferable>
<deleteRule>NO ACTION</deleteRule>
</Relation>