<?xml version = '1.0' encoding = 'UTF-8'?>
<Relation class="oracle.dbtools.crest.model.design.logical.Relation" name="Relation_2" directorySegmentName="seg_0" id="D1392EBF-D66F-5206-768A-3BCCE965BC3F">
<createdBy>dell</createdBy>
<createdTime>2025-04-23 10:37:36 UTC</createdTime>
<ownerDesignName>Modelo Relacional</ownerDesignName>
<engineerTo>
<item key="A151BA1B-ACBF-C676-0E9B-0DF0EC432E00" value="true"/>
</engineerTo>
<sourcePk>FEDF5EC6-379E-3C9F-3EF2-AA1044713606</sourcePk>
<identifying>false</identifying>
<optionalSource>true</optionalSource>
<optionalTarget>false</optionalTarget>
<sourceCardinality>1</sourceCardinality>
<sourceEntity>FF5A9C19-B11F-EEEB-0089-C93A55D12333</sourceEntity>
<targetCardinalityString>*</targetCardinalityString>
<targetEntity>17F1798A-E2A2-3475-ADDF-EA4AF5BDB124</targetEntity>
<transferable>true</transferable>
<deleteRule>NO ACTION</deleteRule>
</Relation>