<?xml version = '1.0' encoding = 'UTF-8'?>
<Relation class="oracle.dbtools.crest.model.design.logical.Relation" name="Relation_12" directorySegmentName="seg_0" id="DA2D2831-3907-FB8F-3378-958176089B1D">
<createdBy>dell</createdBy>
<createdTime>2025-04-23 10:54:51 UTC</createdTime>
<ownerDesignName>Modelo Relacional</ownerDesignName>
<engineerTo>
<item key="A151BA1B-ACBF-C676-0E9B-0DF0EC432E00" value="true"/>
</engineerTo>
<sourcePk>AD02F1BA-C060-B40D-5D71-8D325F9AA581</sourcePk>
<identifying>false</identifying>
<optionalSource>false</optionalSource>
<optionalTarget>false</optionalTarget>
<sourceCardinality>1</sourceCardinality>
<sourceEntity>3318400B-5439-893D-8041-274F36412AF5</sourceEntity>
<targetCardinalityString>*</targetCardinalityString>
<targetEntity>F9EE7E41-2F82-AA07-99E9-88FF117079CF</targetEntity>
<transferable>true</transferable>
<deleteRule>NO ACTION</deleteRule>
</Relation>