<?xml version = '1.0' encoding = 'UTF-8'?>
<Entity class="oracle.dbtools.crest.model.design.logical.Entity" directorySegmentName="seg_0" id="17F1798A-E2A2-3475-ADDF-EA4AF5BDB124" name="CLIENTES">
<createdBy>dell</createdBy>
<createdTime>2025-04-23 10:31:21 UTC</createdTime>
<ownerDesignName>Modelo Relacional</ownerDesignName>
<engineerTo>
<item key="A151BA1B-ACBF-C676-0E9B-0DF0EC432E00" value="true"/>
</engineerTo>
<adequatelyNormalized>NO</adequatelyNormalized>
<expectedVolumes>0</expectedVolumes>
<fwdEngineeringStrategyName>Single Table</fwdEngineeringStrategyName>
<growthPercent>0</growthPercent>
<growthType>Year</growthType>
<maxVolumes>9999999</maxVolumes>
<minVolumes>0</minVolumes>
<normalForm>Third</normalForm>
<attributes itemClass="oracle.dbtools.crest.model.design.logical.Attribute">
<Attribute name="cliente_codigo" id="B5768F4B-5CA4-BE3B-4E9E-95224FAD76DD">
<createdBy>dell</createdBy>
<createdTime>2025-04-23 10:40:32 UTC</createdTime>
<ownerDesignName>Modelo Relacional</ownerDesignName>
<engineerTo>
<item key="A151BA1B-ACBF-C676-0E9B-0DF0EC432E00" value="true"/>
</engineerTo>
<useDomainConstraints>false</useDomainConstraints>
<use>1</use>
<logicalDatatype>LOGDT011</logicalDatatype>
<ownDataTypeParameters>,,</ownDataTypeParameters>
</Attribute>
<Attribute name="situacao_cliente" id="FA1F6A35-36CB-7D66-8CAC-A29F5A733622">
<createdBy>dell</createdBy>
<createdTime>2025-04-23 10:37:14 UTC</createdTime>
<generatorID>6AB4A3E0-084E-00BF-3906-39D0F75C613B</generatorID>
<ownerDesignName>Modelo Relacional</ownerDesignName>
<engineerTo>
<item key="A151BA1B-ACBF-C676-0E9B-0DF0EC432E00" value="true"/>
</engineerTo>
<referedAttribute>1F76F4C1-BBEA-099C-88AB-9F018A14AEB8</referedAttribute>
<useDomainConstraints>false</useDomainConstraints>
<use>1</use>
<logicalDatatype>LOGDT011</logicalDatatype>
<ownDataTypeParameters>,,</ownDataTypeParameters>
</Attribute>
<Attribute name="endereco_cep" id="50B06D1F-D743-0EB4-5E3F-4E172133E0CB">
<createdBy>dell</createdBy>
<createdTime>2025-04-23 10:40:05 UTC</createdTime>
<generatorID>D1392EBF-D66F-5206-768A-3BCCE965BC3F</generatorID>
<ownerDesignName>Modelo Relacional</ownerDesignName>
<engineerTo>
<item key="A151BA1B-ACBF-C676-0E9B-0DF0EC432E00" value="true"/>
</engineerTo>
<referedAttribute>EB264E05-9A65-5C99-5D45-5989A6E32879</referedAttribute>
<useDomainConstraints>false</useDomainConstraints>
<use>1</use>
<logicalDatatype>LOGDT025</logicalDatatype>
<dataTypeSize>8</dataTypeSize>
<ownDataTypeParameters>8,,</ownDataTypeParameters>
</Attribute>
<Attribute name="cliente_nome" id="FE797758-8135-8354-BEB2-F21AFCE87079">
<createdBy>dell</createdBy>
<createdTime>2025-04-23 10:43:27 UTC</createdTime>
<ownerDesignName>Modelo Relacional</ownerDesignName>
<engineerTo>
<item key="A151BA1B-ACBF-C676-0E9B-0DF0EC432E00" value="true"/>
</engineerTo>
<useDomainConstraints>false</useDomainConstraints>
<use>1</use>
<logicalDatatype>LOGDT025</logicalDatatype>
<dataTypeSize>40</dataTypeSize>
<ownDataTypeParameters>40,,</ownDataTypeParameters>
</Attribute>
<Attribute name="cliente_numero_end" id="50F9CA36-5BA0-C848-7B0C-CA129069F92C">
<createdBy>dell</createdBy>
<createdTime>2025-04-23 10:41:29 UTC</createdTime>
<ownerDesignName>Modelo Relacional</ownerDesignName>
<engineerTo>
<item key="A151BA1B-ACBF-C676-0E9B-0DF0EC432E00" value="true"/>
</engineerTo>
<useDomainConstraints>false</useDomainConstraints>
<use>1</use>
<logicalDatatype>LOGDT011</logicalDatatype>
<ownDataTypeParameters>,,</ownDataTypeParameters>
</Attribute>
<Attribute name="cliente_complemento_end" id="290312AD-2AF9-A1B5-7297-4D7C3CB3AF1E">
<createdBy>dell</createdBy>
<createdTime>2025-04-23 10:41:18 UTC</createdTime>
<ownerDesignName>Modelo Relacional</ownerDesignName>
<engineerTo>
<item key="A151BA1B-ACBF-C676-0E9B-0DF0EC432E00" value="true"/>
</engineerTo>
<nullsAllowed>true</nullsAllowed>
<useDomainConstraints>false</useDomainConstraints>
<use>1</use>
<logicalDatatype>LOGDT025</logicalDatatype>
<dataTypeSize>10</dataTypeSize>
<ownDataTypeParameters>10,,</ownDataTypeParameters>
</Attribute>
<Attribute name="cliente_data_cadastro" id="31C57076-D1C2-3143-4D25-86E7DCEC4759">
<createdBy>dell</createdBy>
<createdTime>2025-04-23 10:43:51 UTC</createdTime>
<ownerDesignName>Modelo Relacional</ownerDesignName>
<engineerTo>
<item key="A151BA1B-ACBF-C676-0E9B-0DF0EC432E00" value="true"/>
</engineerTo>
<useDomainConstraints>false</useDomainConstraints>
<use>1</use>
<logicalDatatype>LOGDT007</logicalDatatype>
<ownDataTypeParameters>,,</ownDataTypeParameters>
</Attribute>
<Attribute name="cliente_tipo" id="5DC5FD6E-8162-14BD-AE38-DB73FF7877DC">
<createdBy>dell</createdBy>
<createdTime>2025-04-23 10:44:20 UTC</createdTime>
<ownerDesignName>Modelo Relacional</ownerDesignName>
<engineerTo>
<item key="A151BA1B-ACBF-C676-0E9B-0DF0EC432E00" value="true"/>
</engineerTo>
<useDomainConstraints>false</useDomainConstraints>
<use>1</use>
<logicalDatatype>LOGDT025</logicalDatatype>
<dataTypeSize>1</dataTypeSize>
<ownDataTypeParameters>1,,</ownDataTypeParameters>
</Attribute>
</attributes>
<identifiers itemClass="oracle.dbtools.crest.model.design.logical.CandidateKey">
<identifier id="6721904C-822D-9264-CB85-F66123AD7E3A" name="CLIENTES PK">
<createdBy>dell</createdBy>
<createdTime>2025-04-23 10:43:20 UTC</createdTime>
<ownerDesignName>Modelo Relacional</ownerDesignName>
<engineerTo>
<item key="A151BA1B-ACBF-C676-0E9B-0DF0EC432E00" value="true"/>
</engineerTo>
<pk>true</pk>
<usedAttributes>
<attributeRef>B5768F4B-5CA4-BE3B-4E9E-95224FAD76DD</attributeRef>
</usedAttributes>
</identifier>
</identifiers>
</Entity>