<?xml version = '1.0' encoding = 'UTF-8'?>
<Entity class="oracle.dbtools.crest.model.design.logical.Entity" directorySegmentName="seg_0" id="3DFFAD6F-B5D4-00A7-3B0F-E43CD79CBF30" name="SITUACAO_CLIENTES">
<createdBy>dell</createdBy>
<createdTime>2025-04-23 10:34:19 UTC</createdTime>
<ownerDesignName>Modelo Relacional</ownerDesignName>
<engineerTo>
<item key="A151BA1B-ACBF-C676-0E9B-0DF0EC432E00" value="true"/>
</engineerTo>
<adequatelyNormalized>NO</adequatelyNormalized>
<expectedVolumes>0</expectedVolumes>
<fwdEngineeringStrategyName>Single Table</fwdEngineeringStrategyName>
<growthPercent>0</growthPercent>
<growthType>Year</growthType>
<maxVolumes>9999999</maxVolumes>
<minVolumes>0</minVolumes>
<normalForm>Third</normalForm>
<attributes itemClass="oracle.dbtools.crest.model.design.logical.Attribute">
<Attribute name="situacao_cliente" id="1F76F4C1-BBEA-099C-88AB-9F018A14AEB8">
<createdBy>dell</createdBy>
<createdTime>2025-04-23 10:35:33 UTC</createdTime>
<ownerDesignName>Modelo Relacional</ownerDesignName>
<engineerTo>
<item key="A151BA1B-ACBF-C676-0E9B-0DF0EC432E00" value="true"/>
</engineerTo>
<useDomainConstraints>false</useDomainConstraints>
<use>1</use>
<logicalDatatype>LOGDT011</logicalDatatype>
<ownDataTypeParameters>,,</ownDataTypeParameters>
</Attribute>
<Attribute name="situacao_descricao" id="5EDA9DF8-02B6-FC1A-2007-43FC767BE2E1">
<createdBy>dell</createdBy>
<createdTime>2025-04-23 10:36:29 UTC</createdTime>
<ownerDesignName>Modelo Relacional</ownerDesignName>
<engineerTo>
<item key="A151BA1B-ACBF-C676-0E9B-0DF0EC432E00" value="true"/>
</engineerTo>
<useDomainConstraints>false</useDomainConstraints>
<use>1</use>
<logicalDatatype>LOGDT024</logicalDatatype>
<dataTypeSize>30</dataTypeSize>
<ownDataTypeParameters>30,,</ownDataTypeParameters>
</Attribute>
</attributes>
<identifiers itemClass="oracle.dbtools.crest.model.design.logical.CandidateKey">
<identifier id="1F475525-825E-170C-3978-32F4FCD4F018" name="SITUACOES PK">
<createdBy>dell</createdBy>
<createdTime>2025-04-23 10:36:26 UTC</createdTime>
<ownerDesignName>Modelo Relacional</ownerDesignName>
<engineerTo>
<item key="A151BA1B-ACBF-C676-0E9B-0DF0EC432E00" value="true"/>
</engineerTo>
<pk>true</pk>
<usedAttributes>
<attributeRef>1F76F4C1-BBEA-099C-88AB-9F018A14AEB8</attributeRef>
</usedAttributes>
</identifier>
</identifiers>
</Entity>