<?xml version = '1.0' encoding = 'UTF-8'?>
<Entity class="oracle.dbtools.crest.model.design.logical.Entity" directorySegmentName="seg_0" id="44693DD6-B20C-A165-61A0-49DFA2AFFCA3" name="PRODUTOS">
<createdBy>dell</createdBy>
<createdTime>2025-04-23 10:30:34 UTC</createdTime>
<ownerDesignName>Modelo Relacional</ownerDesignName>
<engineerTo>
<item key="A151BA1B-ACBF-C676-0E9B-0DF0EC432E00" value="true"/>
</engineerTo>
<adequatelyNormalized>NO</adequatelyNormalized>
<expectedVolumes>0</expectedVolumes>
<fwdEngineeringStrategyName>Single Table</fwdEngineeringStrategyName>
<growthPercent>0</growthPercent>
<growthType>Year</growthType>
<maxVolumes>9999999</maxVolumes>
<minVolumes>0</minVolumes>
<normalForm>Third</normalForm>
<attributes itemClass="oracle.dbtools.crest.model.design.logical.Attribute">
<Attribute name="produto_codigo" id="6820939A-9252-313E-4617-9AB652ED670B">
<createdBy>dell</createdBy>
<createdTime>2025-04-23 10:50:42 UTC</createdTime>
<ownerDesignName>Modelo Relacional</ownerDesignName>
<engineerTo>
<item key="A151BA1B-ACBF-C676-0E9B-0DF0EC432E00" value="true"/>
</engineerTo>
<useDomainConstraints>false</useDomainConstraints>
<use>1</use>
<logicalDatatype>LOGDT011</logicalDatatype>
<ownDataTypeParameters>,,</ownDataTypeParameters>
</Attribute>
<Attribute name="produto_nome" id="C2E5D532-A7F2-7A45-3153-7AC1C23BFFE4">
<createdBy>dell</createdBy>
<createdTime>2025-04-23 10:50:49 UTC</createdTime>
<ownerDesignName>Modelo Relacional</ownerDesignName>
<engineerTo>
<item key="A151BA1B-ACBF-C676-0E9B-0DF0EC432E00" value="true"/>
</engineerTo>
<useDomainConstraints>false</useDomainConstraints>
<use>1</use>
<logicalDatatype>LOGDT025</logicalDatatype>
<dataTypeSize>30</dataTypeSize>
<ownDataTypeParameters>30,,</ownDataTypeParameters>
</Attribute>
</attributes>
<identifiers itemClass="oracle.dbtools.crest.model.design.logical.CandidateKey">
<identifier id="1A2413A0-09C5-3526-54D5-87F502993E15" name="PRODUTOS PK">
<createdBy>dell</createdBy>
<createdTime>2025-04-23 10:51:05 UTC</createdTime>
<ownerDesignName>Modelo Relacional</ownerDesignName>
<engineerTo>
<item key="A151BA1B-ACBF-C676-0E9B-0DF0EC432E00" value="true"/>
</engineerTo>
<pk>true</pk>
<usedAttributes>
<attributeRef>6820939A-9252-313E-4617-9AB652ED670B</attributeRef>
</usedAttributes>
</identifier>
</identifiers>
</Entity>