<?xml version = '1.0' encoding = 'UTF-8'?>
<Entity class="oracle.dbtools.crest.model.design.logical.Entity" directorySegmentName="seg_0" id="54DACE76-434B-4EAB-5263-1B8766FFC307" name="CLIENTES_TELEFONES">
<createdBy>dell</createdBy>
<createdTime>2025-04-23 10:44:53 UTC</createdTime>
<ownerDesignName>Modelo Relacional</ownerDesignName>
<engineerTo>
<item key="A151BA1B-ACBF-C676-0E9B-0DF0EC432E00" value="true"/>
</engineerTo>
<adequatelyNormalized>NO</adequatelyNormalized>
<expectedVolumes>0</expectedVolumes>
<fwdEngineeringStrategyName>Single Table</fwdEngineeringStrategyName>
<growthPercent>0</growthPercent>
<growthType>Year</growthType>
<maxVolumes>9999999</maxVolumes>
<minVolumes>0</minVolumes>
<normalForm>Third</normalForm>
<attributes itemClass="oracle.dbtools.crest.model.design.logical.Attribute">
<Attribute name="cliente_codigo" id="2B7B0E8F-3443-A69B-EF20-B716E9ED1031">
<createdBy>dell</createdBy>
<createdTime>2025-04-23 10:45:07 UTC</createdTime>
<generatorID>4223F482-548E-600A-837B-F176D222D000</generatorID>
<ownerDesignName>Modelo Relacional</ownerDesignName>
<engineerTo>
<item key="A151BA1B-ACBF-C676-0E9B-0DF0EC432E00" value="true"/>
</engineerTo>
<referedAttribute>B5768F4B-5CA4-BE3B-4E9E-95224FAD76DD</referedAttribute>
<useDomainConstraints>false</useDomainConstraints>
<use>1</use>
<logicalDatatype>LOGDT011</logicalDatatype>
<ownDataTypeParameters>,,</ownDataTypeParameters>
</Attribute>
<Attribute name="ddd" id="DBD90B64-F21A-5CE8-4FA9-B99B44803769">
<createdBy>dell</createdBy>
<createdTime>2025-04-23 10:45:19 UTC</createdTime>
<ownerDesignName>Modelo Relacional</ownerDesignName>
<engineerTo>
<item key="A151BA1B-ACBF-C676-0E9B-0DF0EC432E00" value="true"/>
</engineerTo>
<useDomainConstraints>false</useDomainConstraints>
<use>1</use>
<logicalDatatype>LOGDT025</logicalDatatype>
<dataTypeSize>2</dataTypeSize>
<ownDataTypeParameters>2,,</ownDataTypeParameters>
</Attribute>
<Attribute name="numero" id="5069E190-5263-99ED-C616-708FF89F4EBE">
<createdBy>dell</createdBy>
<createdTime>2025-04-23 10:45:22 UTC</createdTime>
<ownerDesignName>Modelo Relacional</ownerDesignName>
<engineerTo>
<item key="A151BA1B-ACBF-C676-0E9B-0DF0EC432E00" value="true"/>
</engineerTo>
<useDomainConstraints>false</useDomainConstraints>
<use>1</use>
<logicalDatatype>LOGDT025</logicalDatatype>
<dataTypeSize>9</dataTypeSize>
<ownDataTypeParameters>9,,</ownDataTypeParameters>
</Attribute>
</attributes>
<identifiers itemClass="oracle.dbtools.crest.model.design.logical.CandidateKey">
<identifier id="6B98F18F-9F9E-16E5-B7FA-3BF9CAAA4BA9" name="CLIENTES_TELEFONES PK">
<createdBy>dell</createdBy>
<createdTime>2025-04-23 10:45:46 UTC</createdTime>
<ownerDesignName>Modelo Relacional</ownerDesignName>
<engineerTo>
<item key="A151BA1B-ACBF-C676-0E9B-0DF0EC432E00" value="true"/>
</engineerTo>
<pk>true</pk>
<usedAttributes>
<attributeRef>5069E190-5263-99ED-C616-708FF89F4EBE</attributeRef>
<attributeRef>DBD90B64-F21A-5CE8-4FA9-B99B44803769</attributeRef>
<attributeRef>2B7B0E8F-3443-A69B-EF20-B716E9ED1031</attributeRef>
</usedAttributes>
</identifier>
</identifiers>
</Entity>