<?xml version = '1.0' encoding = 'UTF-8'?>
<Entity class="oracle.dbtools.crest.model.design.logical.Entity" directorySegmentName="seg_0" id="8B5B48EE-A531-FBD2-E4D1-87AA7A799D55" name="PEDIDOS">
<createdBy>dell</createdBy>
<createdTime>2025-04-23 10:31:30 UTC</createdTime>
<ownerDesignName>Modelo Relacional</ownerDesignName>
<engineerTo>
<item key="A151BA1B-ACBF-C676-0E9B-0DF0EC432E00" value="true"/>
</engineerTo>
<adequatelyNormalized>NO</adequatelyNormalized>
<expectedVolumes>0</expectedVolumes>
<fwdEngineeringStrategyName>Single Table</fwdEngineeringStrategyName>
<growthPercent>0</growthPercent>
<growthType>Year</growthType>
<maxVolumes>9999999</maxVolumes>
<minVolumes>0</minVolumes>
<normalForm>Third</normalForm>
<attributes itemClass="oracle.dbtools.crest.model.design.logical.Attribute">
<Attribute name="pedido_numero" id="B3DB041F-813F-D9E9-E319-07DCED2198A3">
<createdBy>dell</createdBy>
<createdTime>2025-04-23 10:55:55 UTC</createdTime>
<ownerDesignName>Modelo Relacional</ownerDesignName>
<engineerTo>
<item key="A151BA1B-ACBF-C676-0E9B-0DF0EC432E00" value="true"/>
</engineerTo>
<useDomainConstraints>false</useDomainConstraints>
<use>1</use>
<logicalDatatype>LOGDT011</logicalDatatype>
<ownDataTypeParameters>,,</ownDataTypeParameters>
</Attribute>
<Attribute name="cliente_codigo" id="305A10A0-F52F-C791-3A9B-C0406B591C2A">
<createdBy>dell</createdBy>
<createdTime>2025-04-23 10:44:32 UTC</createdTime>
<generatorID>4053D83F-6531-25ED-C03F-AA9C70C38396</generatorID>
<ownerDesignName>Modelo Relacional</ownerDesignName>
<engineerTo>
<item key="A151BA1B-ACBF-C676-0E9B-0DF0EC432E00" value="true"/>
</engineerTo>
<referedAttribute>B5768F4B-5CA4-BE3B-4E9E-95224FAD76DD</referedAttribute>
<useDomainConstraints>false</useDomainConstraints>
<use>1</use>
<logicalDatatype>LOGDT011</logicalDatatype>
<ownDataTypeParameters>,,</ownDataTypeParameters>
</Attribute>
<Attribute name="vendedor_codigo" id="C53D9AEA-9A09-FE84-7A3F-D078275A412C">
<createdBy>dell</createdBy>
<createdTime>2025-04-23 11:01:36 UTC</createdTime>
<generatorID>4EAFCC4F-9F03-90AF-C756-0F31D57D0202</generatorID>
<ownerDesignName>Modelo Relacional</ownerDesignName>
<engineerTo>
<item key="A151BA1B-ACBF-C676-0E9B-0DF0EC432E00" value="true"/>
</engineerTo>
<referedAttribute>D5128FD8-9E8F-223C-7AD0-6AE0DE415F95</referedAttribute>
<useDomainConstraints>false</useDomainConstraints>
<use>1</use>
<logicalDatatype>LOGDT011</logicalDatatype>
<ownDataTypeParameters>,,</ownDataTypeParameters>
</Attribute>
<Attribute name="pedido_data" id="CD73EC0D-56D7-CF4B-548E-74330A870A90">
<createdBy>dell</createdBy>
<createdTime>2025-04-23 10:56:32 UTC</createdTime>
<ownerDesignName>Modelo Relacional</ownerDesignName>
<engineerTo>
<item key="A151BA1B-ACBF-C676-0E9B-0DF0EC432E00" value="true"/>
</engineerTo>
<useDomainConstraints>false</useDomainConstraints>
<use>1</use>
<logicalDatatype>LOGDT007</logicalDatatype>
<ownDataTypeParameters>,,</ownDataTypeParameters>
</Attribute>
<Attribute name="pedido_tipo" id="30E1B6F1-4A05-A0DE-8F6E-E9E166260AF8">
<createdBy>dell</createdBy>
<createdTime>2025-04-23 10:56:53 UTC</createdTime>
<ownerDesignName>Modelo Relacional</ownerDesignName>
<engineerTo>
<item key="A151BA1B-ACBF-C676-0E9B-0DF0EC432E00" value="true"/>
</engineerTo>
<useDomainConstraints>false</useDomainConstraints>
<use>1</use>
<logicalDatatype>LOGDT025</logicalDatatype>
<dataTypeSize>1</dataTypeSize>
<ownDataTypeParameters>1,,</ownDataTypeParameters>
</Attribute>
<Attribute name="pedido_situacao" id="7F72F955-5FFD-E0D9-71F0-9B43DAA7E04A">
<createdBy>dell</createdBy>
<createdTime>2025-04-23 11:00:51 UTC</createdTime>
<ownerDesignName>Modelo Relacional</ownerDesignName>
<engineerTo>
<item key="A151BA1B-ACBF-C676-0E9B-0DF0EC432E00" value="true"/>
</engineerTo>
<useDomainConstraints>false</useDomainConstraints>
<use>1</use>
<logicalDatatype>LOGDT025</logicalDatatype>
<dataTypeSize>1</dataTypeSize>
<ownDataTypeParameters>1,,</ownDataTypeParameters>
</Attribute>
</attributes>
<identifiers itemClass="oracle.dbtools.crest.model.design.logical.CandidateKey">
<identifier id="69A4A6D9-1DB7-B24D-660B-F3E456F8BC5C" name="PEDIDOS PK">
<createdBy>dell</createdBy>
<createdTime>2025-04-23 10:56:04 UTC</createdTime>
<ownerDesignName>Modelo Relacional</ownerDesignName>
<engineerTo>
<item key="A151BA1B-ACBF-C676-0E9B-0DF0EC432E00" value="true"/>
</engineerTo>
<pk>true</pk>
<usedAttributes>
<attributeRef>B3DB041F-813F-D9E9-E319-07DCED2198A3</attributeRef>
</usedAttributes>
</identifier>
</identifiers>
</Entity>