<?xml version = '1.0' encoding = 'UTF-8'?>
<Entity class="oracle.dbtools.crest.model.design.logical.Entity" directorySegmentName="seg_0" id="A96564EC-DE50-E699-B9CB-B1187CB7FB24" name="FORNECEDORES_PRODUTOS">
<createdBy>dell</createdBy>
<createdTime>2025-04-23 10:30:41 UTC</createdTime>
<ownerDesignName>Modelo Relacional</ownerDesignName>
<engineerTo>
<item key="A151BA1B-ACBF-C676-0E9B-0DF0EC432E00" value="true"/>
</engineerTo>
<adequatelyNormalized>NO</adequatelyNormalized>
<expectedVolumes>0</expectedVolumes>
<fwdEngineeringStrategyName>Single Table</fwdEngineeringStrategyName>
<growthPercent>0</growthPercent>
<growthType>Year</growthType>
<maxVolumes>9999999</maxVolumes>
<minVolumes>0</minVolumes>
<normalForm>Third</normalForm>
<attributes itemClass="oracle.dbtools.crest.model.design.logical.Attribute">
<Attribute name="fornecedor_codigo" id="03CAEE41-82AB-5EB4-137E-33662020576F">
<createdBy>dell</createdBy>
<createdTime>2025-04-23 10:49:52 UTC</createdTime>
<generatorID>4F2C6CAF-5353-E69B-8E8C-240C11064FDA</generatorID>
<ownerDesignName>Modelo Relacional</ownerDesignName>
<engineerTo>
<item key="A151BA1B-ACBF-C676-0E9B-0DF0EC432E00" value="true"/>
</engineerTo>
<referedAttribute>CFBB8B6C-1943-4188-3207-0C4A700A1E53</referedAttribute>
<useDomainConstraints>false</useDomainConstraints>
<use>1</use>
<logicalDatatype>LOGDT011</logicalDatatype>
<ownDataTypeParameters>,,</ownDataTypeParameters>
</Attribute>
<Attribute name="produto_codigo" id="052B7E86-9925-5433-7FC6-44B2704FCA01">
<createdBy>dell</createdBy>
<createdTime>2025-04-23 10:51:17 UTC</createdTime>
<generatorID>29F15C84-663E-B87D-8F8B-F1299A6392C5</generatorID>
<ownerDesignName>Modelo Relacional</ownerDesignName>
<engineerTo>
<item key="A151BA1B-ACBF-C676-0E9B-0DF0EC432E00" value="true"/>
</engineerTo>
<referedAttribute>6820939A-9252-313E-4617-9AB652ED670B</referedAttribute>
<useDomainConstraints>false</useDomainConstraints>
<use>1</use>
<logicalDatatype>LOGDT011</logicalDatatype>
<ownDataTypeParameters>,,</ownDataTypeParameters>
</Attribute>
</attributes>
<identifiers itemClass="oracle.dbtools.crest.model.design.logical.CandidateKey">
<identifier id="47D437BD-9A83-E5E5-57FB-362FCED24276" name="FORNECEDORES_PRODUTOS PK">
<createdBy>dell</createdBy>
<createdTime>2025-04-23 10:51:39 UTC</createdTime>
<ownerDesignName>Modelo Relacional</ownerDesignName>
<engineerTo>
<item key="A151BA1B-ACBF-C676-0E9B-0DF0EC432E00" value="true"/>
</engineerTo>
<pk>true</pk>
<usedAttributes>
<attributeRef>03CAEE41-82AB-5EB4-137E-33662020576F</attributeRef>
<attributeRef>052B7E86-9925-5433-7FC6-44B2704FCA01</attributeRef>
</usedAttributes>
</identifier>
</identifiers>
</Entity>