<?xml version = '1.0' encoding = 'UTF-8'?>
<Entity class="oracle.dbtools.crest.model.design.logical.Entity" directorySegmentName="seg_0" id="F9EE7E41-2F82-AA07-99E9-88FF117079CF" name="PEDIDOS_ITENS">
<createdBy>dell</createdBy>
<createdTime>2025-04-23 10:31:26 UTC</createdTime>
<ownerDesignName>Modelo Relacional</ownerDesignName>
<engineerTo>
<item key="A151BA1B-ACBF-C676-0E9B-0DF0EC432E00" value="true"/>
</engineerTo>
<adequatelyNormalized>NO</adequatelyNormalized>
<expectedVolumes>0</expectedVolumes>
<fwdEngineeringStrategyName>Single Table</fwdEngineeringStrategyName>
<growthPercent>0</growthPercent>
<growthType>Year</growthType>
<maxVolumes>9999999</maxVolumes>
<minVolumes>0</minVolumes>
<normalForm>Third</normalForm>
<attributes itemClass="oracle.dbtools.crest.model.design.logical.Attribute">
<Attribute name="item_codigo" id="52A1F135-2198-00D7-E3C4-D47430545D98">
<createdBy>dell</createdBy>
<createdTime>2025-04-23 10:58:15 UTC</createdTime>
<ownerDesignName>Modelo Relacional</ownerDesignName>
<engineerTo>
<item key="A151BA1B-ACBF-C676-0E9B-0DF0EC432E00" value="true"/>
</engineerTo>
<useDomainConstraints>false</useDomainConstraints>
<use>1</use>
<logicalDatatype>LOGDT011</logicalDatatype>
<ownDataTypeParameters>,,</ownDataTypeParameters>
</Attribute>
<Attribute name="pedido_numero" id="6DC76E81-FC55-8CE0-73F9-514C6E535137">
<createdBy>dell</createdBy>
<createdTime>2025-04-23 10:56:08 UTC</createdTime>
<generatorID>0D697DBE-DE3A-04C7-890C-D07D070D1E6B</generatorID>
<ownerDesignName>Modelo Relacional</ownerDesignName>
<engineerTo>
<item key="A151BA1B-ACBF-C676-0E9B-0DF0EC432E00" value="true"/>
</engineerTo>
<referedAttribute>B3DB041F-813F-D9E9-E319-07DCED2198A3</referedAttribute>
<useDomainConstraints>false</useDomainConstraints>
<use>1</use>
<logicalDatatype>LOGDT011</logicalDatatype>
<ownDataTypeParameters>,,</ownDataTypeParameters>
</Attribute>
<Attribute name="lista_codigo" id="F367DF61-AA86-ED05-69E4-C8068779C2B0">
<createdBy>dell</createdBy>
<createdTime>2025-04-23 10:54:51 UTC</createdTime>
<generatorID>DA2D2831-3907-FB8F-3378-958176089B1D</generatorID>
<ownerDesignName>Modelo Relacional</ownerDesignName>
<engineerTo>
<item key="A151BA1B-ACBF-C676-0E9B-0DF0EC432E00" value="true"/>
</engineerTo>
<referedAttribute>1241EF98-5156-6293-3382-DD0EC4533AB1</referedAttribute>
<useDomainConstraints>false</useDomainConstraints>
<use>1</use>
<logicalDatatype>LOGDT011</logicalDatatype>
<ownDataTypeParameters>,,</ownDataTypeParameters>
</Attribute>
<Attribute name="item_situacao" id="09A0498A-E47B-5035-BD8A-CF52A3020424">
<createdBy>dell</createdBy>
<createdTime>2025-04-23 10:55:31 UTC</createdTime>
<ownerDesignName>Modelo Relacional</ownerDesignName>
<engineerTo>
<item key="A151BA1B-ACBF-C676-0E9B-0DF0EC432E00" value="true"/>
</engineerTo>
<useDomainConstraints>false</useDomainConstraints>
<use>1</use>
<logicalDatatype>LOGDT011</logicalDatatype>
<ownDataTypeParameters>,,</ownDataTypeParameters>
</Attribute>
<Attribute name="item_quantidade" id="C1410553-E709-10B8-D121-3682D8DE4F7D">
<createdBy>dell</createdBy>
<createdTime>2025-04-23 10:57:38 UTC</createdTime>
<ownerDesignName>Modelo Relacional</ownerDesignName>
<engineerTo>
<item key="A151BA1B-ACBF-C676-0E9B-0DF0EC432E00" value="true"/>
</engineerTo>
<useDomainConstraints>false</useDomainConstraints>
<use>1</use>
<logicalDatatype>LOGDT011</logicalDatatype>
<ownDataTypeParameters>,,</ownDataTypeParameters>
</Attribute>
</attributes>
<identifiers itemClass="oracle.dbtools.crest.model.design.logical.CandidateKey">
<identifier id="733B8FDC-7DEA-F4E5-98ED-5DB65D07CB45" name="PEDIDOS_ITENS PK">
<createdBy>dell</createdBy>
<createdTime>2025-04-23 10:58:21 UTC</createdTime>
<ownerDesignName>Modelo Relacional</ownerDesignName>
<engineerTo>
<item key="A151BA1B-ACBF-C676-0E9B-0DF0EC432E00" value="true"/>
</engineerTo>
<pk>true</pk>
<usedAttributes>
<attributeRef>52A1F135-2198-00D7-E3C4-D47430545D98</attributeRef>
</usedAttributes>
</identifier>
</identifiers>
</Entity>