<?xml version = '1.0' encoding = 'UTF-8'?>
<Diagram class="oracle.dbtools.crest.swingui.logical.DPVLogical" name="Logical" id="C64A708C-41B2-7522-5FA6-E29EEB10D1A1">
<createdBy>dell</createdBy>
<modifiedBy>dell</modifiedBy>
<createdTime>2025-04-23 10:30:34 UTC</createdTime>
<autoRoute>false</autoRoute>
<boxInbox>true</boxInbox>
<showLegend>false</showLegend>
<showLabels>false</showLabels>
<showRelAttributes>false</showRelAttributes>
<gridEnabled>false</gridEnabled>
<showGrid>false</showGrid>
<diagramColor>-1</diagramColor>
<display>false</display>
<notation>2</notation>
<objectViews>
<OView class="oracle.dbtools.crest.swingui.logical.TVEntity" oid="17F1798A-E2A2-3475-ADDF-EA4AF5BDB124" otype="Entity" vid="843E39F6-9C07-390D-B548-9859C3C3F2CA">
<hideElementsInCurrentOnly>false</hideElementsInCurrentOnly>
<bounds x="364" y="571" width="474" height="160"/>
</OView>
<OView class="oracle.dbtools.crest.swingui.logical.TVEntity" oid="3318400B-5439-893D-8041-274F36412AF5" otype="Entity" vid="2AC95361-0310-40F8-452C-9E79AB7917C0">
<hideElementsInCurrentOnly>false</hideElementsInCurrentOnly>
<bounds x="268" y="4" width="217" height="102"/>
</OView>
<OView class="oracle.dbtools.crest.swingui.logical.TVEntity" oid="3DFFAD6F-B5D4-00A7-3B0F-E43CD79CBF30" otype="Entity" vid="3318FD0B-9927-1D8B-3324-3EC59D82556E">
<hideElementsInCurrentOnly>false</hideElementsInCurrentOnly>
<bounds x="3" y="625" width="234" height="74"/>
<useDefaultColor>false</useDefaultColor>
<backgroundColor>-3342337</backgroundColor>
<foregroundColor>-16776961</foregroundColor>
</OView>
<OView class="oracle.dbtools.crest.swingui.logical.TVEntity" oid="44693DD6-B20C-A165-61A0-49DFA2AFFCA3" otype="Entity" vid="9065F432-7997-364D-4A3C-FA38240AAEF1">
<hideElementsInCurrentOnly>false</hideElementsInCurrentOnly>
<bounds x="2" y="3" width="196" height="74"/>
<useDefaultColor>false</useDefaultColor>
<backgroundColor>-3342337</backgroundColor>
<foregroundColor>-16776961</foregroundColor>
</OView>
<OView class="oracle.dbtools.crest.swingui.logical.TVEntity" oid="54DACE76-434B-4EAB-5263-1B8766FFC307" otype="Entity" vid="63D0B361-F1E8-BE46-F65F-3111CDFEE1C2">
<hideElementsInCurrentOnly>false</hideElementsInCurrentOnly>
<bounds x="3" y="509" width="318" height="88"/>
</OView>
<OView class="oracle.dbtools.crest.swingui.TVNote" oid="568B1E53-995E-0A0F-3BE0-2D1BCEB095E1" otype="Note" vid="A0176589-8B10-C5F5-703D-597D020FB262">
<hideElementsInCurrentOnly>false</hideElementsInCurrentOnly>
<bounds x="400" y="242" width="165" height="81"/>
<comment>Gabarito CP-02
2025
Modelagem Lógica
Formas Normais</comment>
</OView>
<OView class="oracle.dbtools.crest.swingui.logical.TVEntity" oid="5B4C909F-F102-F3A1-FB92-4F8FE0C97950" otype="Entity" vid="E3346AE5-37C9-CCAB-D9E5-F6977BB58DD5">
<hideElementsInCurrentOnly>false</hideElementsInCurrentOnly>
<bounds x="614" y="591" width="178" height="42"/>
</OView>
<OView class="oracle.dbtools.crest.swingui.logical.TVEntity" oid="8B5B48EE-A531-FBD2-E4D1-87AA7A799D55" otype="Entity" vid="C6FE7674-0AC2-7A07-99ED-BAF9316CE68C">
<hideElementsInCurrentOnly>false</hideElementsInCurrentOnly>
<bounds x="576" y="195" width="198" height="130"/>
</OView>
<OView class="oracle.dbtools.crest.swingui.logical.TVEntity" oid="A96564EC-DE50-E699-B9CB-B1187CB7FB24" otype="Entity" vid="34865285-C47B-ED03-545E-5DD81E6B95AF">
<hideElementsInCurrentOnly>false</hideElementsInCurrentOnly>
<bounds x="3" y="239" width="381" height="74"/>
</OView>
<OView class="oracle.dbtools.crest.swingui.logical.TVEntity" oid="D401A986-9A90-E1EA-00E9-88B431180D4B" otype="Entity" vid="7331D404-AB4B-2C79-5D96-7B1E661DB4EF">
<hideElementsInCurrentOnly>false</hideElementsInCurrentOnly>
<bounds x="614" y="643" width="212" height="56"/>
</OView>
<OView class="oracle.dbtools.crest.swingui.logical.TVEntity" oid="E46508C6-611E-FDA0-1B5B-FBE2F9CA68CE" otype="Entity" vid="F474449F-2741-E3D0-AFD6-6B3393401505">
<hideElementsInCurrentOnly>false</hideElementsInCurrentOnly>
<bounds x="355" y="366" width="289" height="130"/>
</OView>
<OView class="oracle.dbtools.crest.swingui.logical.TVEntity" oid="EFDBFE7F-BA85-11DE-7B83-721E80666072" otype="Entity" vid="E92E7503-0680-A2E8-16F0-0643809B1A28">
<hideElementsInCurrentOnly>false</hideElementsInCurrentOnly>
<bounds x="125" y="121" width="265" height="88"/>
<useDefaultColor>false</useDefaultColor>
<backgroundColor>-3342337</backgroundColor>
<foregroundColor>-16776961</foregroundColor>
</OView>
<OView class="oracle.dbtools.crest.swingui.logical.TVEntity" oid="F9EE7E41-2F82-AA07-99E9-88FF117079CF" otype="Entity" vid="656FD16A-EE03-D94B-683D-433C7797FC88">
<hideElementsInCurrentOnly>false</hideElementsInCurrentOnly>
<bounds x="565" y="3" width="223" height="116"/>
</OView>
<OView class="oracle.dbtools.crest.swingui.logical.TVEntity" oid="FF5A9C19-B11F-EEEB-0089-C93A55D12333" otype="Entity" vid="AA2573FF-D364-F18A-9F3F-CB53049EA8B6">
<hideElementsInCurrentOnly>false</hideElementsInCurrentOnly>
<bounds x="3" y="334" width="228" height="116"/>
<useDefaultColor>false</useDefaultColor>
<backgroundColor>-3342337</backgroundColor>
<foregroundColor>-16776961</foregroundColor>
</OView>
</objectViews>
<connectors>
<Connector class="oracle.dbtools.crest.swingui.logical.TVInheritanceRelation" oid="09FC5D1F-04A0-31B6-6541-F02E559D7210" otype="Hierarchy relation" vid_source="843E39F6-9C07-390D-B548-9859C3C3F2CA" vid_target="7331D404-AB4B-2C79-5D96-7B1E661DB4EF">
<hideElementsInCurrentOnly>false</hideElementsInCurrentOnly>
<backgroundColor>-65536</backgroundColor>
<lineWidth>1</lineWidth>
</Connector>
<Connector class="oracle.dbtools.crest.swingui.logical.TVRelation" oid="0D697DBE-DE3A-04C7-890C-D07D070D1E6B" otype="Relation" vid_source="C6FE7674-0AC2-7A07-99ED-BAF9316CE68C" vid_target="656FD16A-EE03-D94B-683D-433C7797FC88">
<hideElementsInCurrentOnly>false</hideElementsInCurrentOnly>
<backgroundColor>-16777216</backgroundColor>
<lineWidth>1</lineWidth>
<points>
<point x="675" y="195"/>
<point x="675" y="119"/>
</points>
</Connector>
<Connector class="oracle.dbtools.crest.swingui.logical.TVRelation" oid="26D76A70-717B-73FD-476A-383B001F3243" otype="Relation" vid_source="AA2573FF-D364-F18A-9F3F-CB53049EA8B6" vid_target="F474449F-2741-E3D0-AFD6-6B3393401505">
<hideElementsInCurrentOnly>false</hideElementsInCurrentOnly>
<backgroundColor>-16777216</backgroundColor>
<lineWidth>1</lineWidth>
<points>
<point x="231" y="408"/>
<point x="355" y="408"/>
</points>
</Connector>
<Connector class="oracle.dbtools.crest.swingui.logical.TVRelation" oid="29F15C84-663E-B87D-8F8B-F1299A6392C5" otype="Relation" vid_source="9065F432-7997-364D-4A3C-FA38240AAEF1" vid_target="34865285-C47B-ED03-545E-5DD81E6B95AF">
<hideElementsInCurrentOnly>false</hideElementsInCurrentOnly>
<backgroundColor>-16777216</backgroundColor>
<lineWidth>1</lineWidth>
<points>
<point x="100" y="77"/>
<point x="100" y="239"/>
</points>
</Connector>
<Connector class="oracle.dbtools.crest.swingui.logical.TVRelation" oid="4053D83F-6531-25ED-C03F-AA9C70C38396" otype="Relation" vid_source="843E39F6-9C07-390D-B548-9859C3C3F2CA" vid_target="C6FE7674-0AC2-7A07-99ED-BAF9316CE68C">
<hideElementsInCurrentOnly>false</hideElementsInCurrentOnly>
<backgroundColor>-16777216</backgroundColor>
<lineWidth>1</lineWidth>
<points>
<point x="675" y="571"/>
<point x="675" y="325"/>
</points>
</Connector>
<Connector class="oracle.dbtools.crest.swingui.logical.TVRelation" oid="4223F482-548E-600A-837B-F176D222D000" otype="Relation" vid_source="843E39F6-9C07-390D-B548-9859C3C3F2CA" vid_target="63D0B361-F1E8-BE46-F65F-3111CDFEE1C2">
<hideElementsInCurrentOnly>false</hideElementsInCurrentOnly>
<backgroundColor>-16777216</backgroundColor>
<lineWidth>1</lineWidth>
<points>
<point x="364" y="584"/>
<point x="321" y="584"/>
</points>
</Connector>
<Connector class="oracle.dbtools.crest.swingui.logical.TVRelation" oid="4EAFCC4F-9F03-90AF-C756-0F31D57D0202" otype="Relation" vid_source="E92E7503-0680-A2E8-16F0-0643809B1A28" vid_target="C6FE7674-0AC2-7A07-99ED-BAF9316CE68C">
<hideElementsInCurrentOnly>false</hideElementsInCurrentOnly>
<backgroundColor>-16777216</backgroundColor>
<lineWidth>1</lineWidth>
<points>
<point x="390" y="202"/>
<point x="576" y="202"/>
</points>
</Connector>
<Connector class="oracle.dbtools.crest.swingui.logical.TVRelation" oid="4F2C6CAF-5353-E69B-8E8C-240C11064FDA" otype="Relation" vid_source="F474449F-2741-E3D0-AFD6-6B3393401505" vid_target="34865285-C47B-ED03-545E-5DD81E6B95AF">
<hideElementsInCurrentOnly>false</hideElementsInCurrentOnly>
<backgroundColor>-16777216</backgroundColor>
<lineWidth>1</lineWidth>
<points>
<point x="369" y="366"/>
<point x="369" y="313"/>
</points>
</Connector>
<Connector class="oracle.dbtools.crest.swingui.logical.TVRelation" oid="6AB4A3E0-084E-00BF-3906-39D0F75C613B" otype="Relation" vid_source="3318FD0B-9927-1D8B-3324-3EC59D82556E" vid_target="843E39F6-9C07-390D-B548-9859C3C3F2CA">
<hideElementsInCurrentOnly>false</hideElementsInCurrentOnly>
<backgroundColor>-16777216</backgroundColor>
<lineWidth>1</lineWidth>
<points>
<point x="237" y="662"/>
<point x="364" y="662"/>
</points>
</Connector>
<Connector class="oracle.dbtools.crest.swingui.logical.TVRelation" oid="85F7E30D-3A2B-60DD-AADD-44E52C0978C4" otype="Relation" vid_source="9065F432-7997-364D-4A3C-FA38240AAEF1" vid_target="2AC95361-0310-40F8-452C-9E79AB7917C0">
<hideElementsInCurrentOnly>false</hideElementsInCurrentOnly>
<backgroundColor>-16777216</backgroundColor>
<lineWidth>1</lineWidth>
<points>
<point x="198" y="40"/>
<point x="268" y="40"/>
</points>
</Connector>
<Connector class="oracle.dbtools.crest.swingui.logical.TVRelation" oid="D1392EBF-D66F-5206-768A-3BCCE965BC3F" otype="Relation" vid_source="AA2573FF-D364-F18A-9F3F-CB53049EA8B6" vid_target="843E39F6-9C07-390D-B548-9859C3C3F2CA">
<hideElementsInCurrentOnly>false</hideElementsInCurrentOnly>
<backgroundColor>-16777216</backgroundColor>
<lineWidth>1</lineWidth>
<points>
<point x="225" y="450"/>
<point x="451" y="571"/>
</points>
</Connector>
<Connector class="oracle.dbtools.crest.swingui.logical.TVRelation" oid="DA2D2831-3907-FB8F-3378-958176089B1D" otype="Relation" vid_source="2AC95361-0310-40F8-452C-9E79AB7917C0" vid_target="656FD16A-EE03-D94B-683D-433C7797FC88">
<hideElementsInCurrentOnly>false</hideElementsInCurrentOnly>
<backgroundColor>-16777216</backgroundColor>
<lineWidth>1</lineWidth>
<points>
<point x="485" y="70"/>
<point x="565" y="70"/>
</points>
</Connector>
<Connector class="oracle.dbtools.crest.swingui.logical.TVInheritanceRelation" oid="DF222F20-694C-9A4C-9A4C-C119623F2F1D" otype="Hierarchy relation" vid_source="843E39F6-9C07-390D-B548-9859C3C3F2CA" vid_target="E3346AE5-37C9-CCAB-D9E5-F6977BB58DD5">
<hideElementsInCurrentOnly>false</hideElementsInCurrentOnly>
<backgroundColor>-65536</backgroundColor>
<lineWidth>1</lineWidth>
</Connector>
</connectors>
</Diagram>