<?xml version = '1.0' encoding = 'UTF-8'?>
<FKArc class="oracle.dbtools.crest.model.design.relational.FKArc" directorySegmentName="seg_0" id="FEE759A5-22F3-E8A5-C5D4-4BC37C829B2E" name="FKArc_1">
<createdBy>labsfiap</createdBy>
<createdTime>2025-04-25 11:16:19 UTC</createdTime>
<ownerDesignName>Modelo Relacional</ownerDesignName>
<mandatory>false</mandatory>
<reverseArc>true</reverseArc>
<table>815C67A7-C8B3-1CE2-3EF7-3FBB791C47DC</table>
<discriminatorColumn>E340B4A7-BA8E-A7CB-BD54-7D556E49FD8B</discriminatorColumn>
<fkeys>
<fkeyID>70F5A488-1884-0CE5-9F7E-F62D4FE15F5E</fkeyID>
<fkeyID>FB475EA2-1EA7-1B86-645E-BA4A574068A2</fkeyID>
</fkeys>
</FKArc>