<?xml version = '1.0' encoding = 'UTF-8'?>
<FKIndexAssociation class="oracle.dbtools.crest.model.design.relational.FKIndexAssociation" directorySegmentName="seg_0" id="113B47B3-11D5-CEB7-E6F7-D0E7DE352CA4" containerWithKeyObject="12420786-13D2-B6D8-A234-3897E5CB1E3E" localFKIndex="0BAB8560-8D76-2871-99FF-E2CF1848FF18" name="PEDIDOS_CLIENTES_FK">
<createdBy>labsfiap</createdBy>
<createdTime>2025-04-25 11:16:19 UTC</createdTime>
<generatorID>4053D83F-6531-25ED-C03F-AA9C70C38396</generatorID>
<ownerDesignName>Modelo Relacional</ownerDesignName>
<referredTableLongName>CLIENTES</referredTableLongName>
<deleteRule>NO ACTION</deleteRule>
<referredTableID>815C67A7-C8B3-1CE2-3EF7-3FBB791C47DC</referredTableID>
<keyObject>B3F1C1C8-A3EF-750D-DB11-E601EC630655</keyObject>
<referredKeyID>B3F1C1C8-A3EF-750D-DB11-E601EC630655</referredKeyID>
<mandatory>true</mandatory>
<refColNames>cliente_codigo</refColNames>
<transferable>true</transferable>
<rely>false</rely>
<columnDependencyConstraintGenerateInDDL>true</columnDependencyConstraintGenerateInDDL>
</FKIndexAssociation>