<?xml version = '1.0' encoding = 'UTF-8'?>
<FKIndexAssociation class="oracle.dbtools.crest.model.design.relational.FKIndexAssociation" directorySegmentName="seg_0" id="1E1C44A2-0C3C-9EFC-83D4-FD050B40667C" containerWithKeyObject="5A46CFFB-B408-AC32-2560-C95592D7D3F5" localFKIndex="DEEAC675-2D8D-059A-3BB8-6EB8D6C5B72D" name="PEDIDOS_ITENS_LISTA_PRECOS_FK">
<createdBy>labsfiap</createdBy>
<createdTime>2025-04-25 11:16:19 UTC</createdTime>
<generatorID>DA2D2831-3907-FB8F-3378-958176089B1D</generatorID>
<ownerDesignName>Modelo Relacional</ownerDesignName>
<referredTableLongName>LISTA_PRECOS</referredTableLongName>
<deleteRule>NO ACTION</deleteRule>
<referredTableID>617E626F-D19A-D4A3-2DBE-D47DFA56CD16</referredTableID>
<keyObject>884F5AB1-D3ED-1B9F-994C-B3A346913782</keyObject>
<referredKeyID>884F5AB1-D3ED-1B9F-994C-B3A346913782</referredKeyID>
<mandatory>true</mandatory>
<refColNames>lista_codigo</refColNames>
<transferable>true</transferable>
<rely>false</rely>
<columnDependencyConstraintGenerateInDDL>true</columnDependencyConstraintGenerateInDDL>
</FKIndexAssociation>