<?xml version = '1.0' encoding = 'UTF-8'?>
<FKIndexAssociation class="oracle.dbtools.crest.model.design.relational.FKIndexAssociation" directorySegmentName="seg_0" id="27096617-167F-B4D9-66FF-00AA15BDA7E5" containerWithKeyObject="2D178652-22B1-107C-23C8-E5D25CE4CF16" localFKIndex="FEFF8CE2-56E7-39CE-A16C-A7937854CF6B" name="CLIENTES_TELEFONES_CLIENTES_FK">
<createdBy>labsfiap</createdBy>
<createdTime>2025-04-25 11:16:19 UTC</createdTime>
<generatorID>4223F482-548E-600A-837B-F176D222D000</generatorID>
<ownerDesignName>Modelo Relacional</ownerDesignName>
<referredTableLongName>CLIENTES</referredTableLongName>
<deleteRule>NO ACTION</deleteRule>
<referredTableID>815C67A7-C8B3-1CE2-3EF7-3FBB791C47DC</referredTableID>
<keyObject>B3F1C1C8-A3EF-750D-DB11-E601EC630655</keyObject>
<referredKeyID>B3F1C1C8-A3EF-750D-DB11-E601EC630655</referredKeyID>
<mandatory>true</mandatory>
<refColNames>cliente_codigo</refColNames>
<transferable>true</transferable>
<rely>false</rely>
<columnDependencyConstraintGenerateInDDL>true</columnDependencyConstraintGenerateInDDL>
</FKIndexAssociation>