<?xml version = '1.0' encoding = 'UTF-8'?>
<FKIndexAssociation class="oracle.dbtools.crest.model.design.relational.FKIndexAssociation" directorySegmentName="seg_0" id="29D96C92-5C47-9ED6-4553-EE22DB4BDB6A" containerWithKeyObject="815C67A7-C8B3-1CE2-3EF7-3FBB791C47DC" localFKIndex="D537E226-C6D5-71F5-17D8-D1A588BE53C9" name="CLIENTES_ENDERECOS_CEPS_FK">
<createdBy>labsfiap</createdBy>
<createdTime>2025-04-25 11:16:19 UTC</createdTime>
<generatorID>D1392EBF-D66F-5206-768A-3BCCE965BC3F</generatorID>
<ownerDesignName>Modelo Relacional</ownerDesignName>
<referredTableLongName>ENDERECOS_CEPS</referredTableLongName>
<deleteRule>NO ACTION</deleteRule>
<referredTableID>BB3AD685-8B27-DA31-68FF-BB1B48F2B0D4</referredTableID>
<keyObject>131A57A1-1DD9-9604-A727-423285BD558A</keyObject>
<referredKeyID>131A57A1-1DD9-9604-A727-423285BD558A</referredKeyID>
<mandatory>true</mandatory>
<refColNames>endereco_cep</refColNames>
<transferable>true</transferable>
<rely>false</rely>
<columnDependencyConstraintGenerateInDDL>true</columnDependencyConstraintGenerateInDDL>
</FKIndexAssociation>