<?xml version = '1.0' encoding = 'UTF-8'?>
<FKIndexAssociation class="oracle.dbtools.crest.model.design.relational.FKIndexAssociation" directorySegmentName="seg_0" id="591C70AA-B7B7-9D8A-FAA5-D06E5FDEEFD7" containerWithKeyObject="D377C788-F74B-1004-25FD-8046C3681B90" localFKIndex="70EF9D2C-D555-D93D-DC30-57CC0721B76A" name="FORNECEDORES_FK">
<createdBy>labsfiap</createdBy>
<createdTime>2025-04-25 11:16:19 UTC</createdTime>
<generatorID>4F2C6CAF-5353-E69B-8E8C-240C11064FDA</generatorID>
<ownerDesignName>Modelo Relacional</ownerDesignName>
<referredTableLongName>FORNECEDORES</referredTableLongName>
<deleteRule>NO ACTION</deleteRule>
<referredTableID>6229A79B-ED12-EF5F-CA5E-D517619F225C</referredTableID>
<keyObject>ED3A4749-7B93-DEA5-A33F-B2963C90A542</keyObject>
<referredKeyID>ED3A4749-7B93-DEA5-A33F-B2963C90A542</referredKeyID>
<mandatory>true</mandatory>
<refColNames>fornecedor_codigo</refColNames>
<transferable>true</transferable>
<rely>false</rely>
<columnDependencyConstraintGenerateInDDL>true</columnDependencyConstraintGenerateInDDL>
</FKIndexAssociation>