<?xml version = '1.0' encoding = 'UTF-8'?>
<FKIndexAssociation class="oracle.dbtools.crest.model.design.relational.FKIndexAssociation" directorySegmentName="seg_0" id="70F5A488-1884-0CE5-9F7E-F62D4FE15F5E" containerWithKeyObject="0C858975-ACCD-5279-3753-C399D886D16C" localFKIndex="F6AA1BDF-087C-9861-9567-E6230D3CC9CD" name="PESSOA_JURIDICA_CLIENTES_FK">
<createdBy>labsfiap</createdBy>
<createdTime>2025-04-25 11:16:19 UTC</createdTime>
<generatorID>09FC5D1F-04A0-31B6-6541-F02E559D7210</generatorID>
<ownerDesignName>Modelo Relacional</ownerDesignName>
<referredTableLongName>CLIENTES</referredTableLongName>
<arc>FEE759A5-22F3-E8A5-C5D4-4BC37C829B2E</arc>
<deleteRule>NO ACTION</deleteRule>
<referredTableID>815C67A7-C8B3-1CE2-3EF7-3FBB791C47DC</referredTableID>
<keyObject>B3F1C1C8-A3EF-750D-DB11-E601EC630655</keyObject>
<referredKeyID>B3F1C1C8-A3EF-750D-DB11-E601EC630655</referredKeyID>
<mandatory>true</mandatory>
<refColNames>cliente_codigo</refColNames>
<transferable>true</transferable>
<rely>false</rely>
<discriminatorValue>j</discriminatorValue>
<columnDependencyConstraintGenerateInDDL>true</columnDependencyConstraintGenerateInDDL>
</FKIndexAssociation>