<?xml version = '1.0' encoding = 'UTF-8'?>
<FKIndexAssociation class="oracle.dbtools.crest.model.design.relational.FKIndexAssociation" directorySegmentName="seg_0" id="75CC63DB-393E-3AF6-AC6E-94815B52DB9D" containerWithKeyObject="815C67A7-C8B3-1CE2-3EF7-3FBB791C47DC" localFKIndex="D83DB380-AFB2-FAC0-0E99-BBB0FF38773C" name="CLIENTES_SITUACAO_CLIENTES_FK">
<createdBy>labsfiap</createdBy>
<createdTime>2025-04-25 11:16:19 UTC</createdTime>
<generatorID>6AB4A3E0-084E-00BF-3906-39D0F75C613B</generatorID>
<ownerDesignName>Modelo Relacional</ownerDesignName>
<referredTableLongName>SITUACAO_CLIENTES</referredTableLongName>
<deleteRule>NO ACTION</deleteRule>
<referredTableID>9356D512-022A-8A91-9A1B-5052FAA5974C</referredTableID>
<keyObject>13273F22-B6EC-B692-5266-40FB1F8A4B9F</keyObject>
<referredKeyID>13273F22-B6EC-B692-5266-40FB1F8A4B9F</referredKeyID>
<mandatory>true</mandatory>
<refColNames>situacao_cliente</refColNames>
<transferable>true</transferable>
<rely>false</rely>
<columnDependencyConstraintGenerateInDDL>true</columnDependencyConstraintGenerateInDDL>
</FKIndexAssociation>