<?xml version = '1.0' encoding = 'UTF-8'?>
<FKIndexAssociation class="oracle.dbtools.crest.model.design.relational.FKIndexAssociation" directorySegmentName="seg_0" id="79E7586C-4CCF-1521-AF79-D1D556DF72D1" containerWithKeyObject="D377C788-F74B-1004-25FD-8046C3681B90" localFKIndex="DBBFDD5C-7841-040D-13BA-FA0DAB5949EE" name="PRODUTOS_FK">
<createdBy>labsfiap</createdBy>
<createdTime>2025-04-25 11:16:19 UTC</createdTime>
<generatorID>29F15C84-663E-B87D-8F8B-F1299A6392C5</generatorID>
<ownerDesignName>Modelo Relacional</ownerDesignName>
<referredTableLongName>PRODUTOS</referredTableLongName>
<deleteRule>NO ACTION</deleteRule>
<referredTableID>ABDBC8CC-3DA3-9FE2-043D-A9A77CB37EAA</referredTableID>
<keyObject>388BF96B-584F-50C9-FE4B-51C9D16502AE</keyObject>
<referredKeyID>388BF96B-584F-50C9-FE4B-51C9D16502AE</referredKeyID>
<mandatory>true</mandatory>
<refColNames>produto_codigo</refColNames>
<transferable>true</transferable>
<rely>false</rely>
<columnDependencyConstraintGenerateInDDL>true</columnDependencyConstraintGenerateInDDL>
</FKIndexAssociation>