<?xml version = '1.0' encoding = 'UTF-8'?>
<FKIndexAssociation class="oracle.dbtools.crest.model.design.relational.FKIndexAssociation" directorySegmentName="seg_0" id="864CF456-DD28-D66F-8F37-9880033529F1" containerWithKeyObject="617E626F-D19A-D4A3-2DBE-D47DFA56CD16" localFKIndex="E0538C91-A50D-88E0-DADA-331BD6F6F3DF" name="LISTA_PRECOS_PRODUTOS_FK">
<createdBy>labsfiap</createdBy>
<createdTime>2025-04-25 11:16:19 UTC</createdTime>
<generatorID>85F7E30D-3A2B-60DD-AADD-44E52C0978C4</generatorID>
<ownerDesignName>Modelo Relacional</ownerDesignName>
<referredTableLongName>PRODUTOS</referredTableLongName>
<deleteRule>NO ACTION</deleteRule>
<referredTableID>ABDBC8CC-3DA3-9FE2-043D-A9A77CB37EAA</referredTableID>
<keyObject>388BF96B-584F-50C9-FE4B-51C9D16502AE</keyObject>
<referredKeyID>388BF96B-584F-50C9-FE4B-51C9D16502AE</referredKeyID>
<mandatory>true</mandatory>
<refColNames>produto_codigo</refColNames>
<transferable>true</transferable>
<rely>false</rely>
<columnDependencyConstraintGenerateInDDL>true</columnDependencyConstraintGenerateInDDL>
</FKIndexAssociation>