<?xml version = '1.0' encoding = 'UTF-8'?>
<FKIndexAssociation class="oracle.dbtools.crest.model.design.relational.FKIndexAssociation" directorySegmentName="seg_0" id="93C7960F-06BF-6DC2-28C5-F0C30EE4CE4A" containerWithKeyObject="5A46CFFB-B408-AC32-2560-C95592D7D3F5" localFKIndex="E7DCCD85-EEB4-C582-B617-5F4EF9022A90" name="PEDIDOS_ITENS_PEDIDOS_FK">
<createdBy>labsfiap</createdBy>
<createdTime>2025-04-25 11:16:19 UTC</createdTime>
<generatorID>0D697DBE-DE3A-04C7-890C-D07D070D1E6B</generatorID>
<ownerDesignName>Modelo Relacional</ownerDesignName>
<referredTableLongName>PEDIDOS</referredTableLongName>
<deleteRule>NO ACTION</deleteRule>
<referredTableID>12420786-13D2-B6D8-A234-3897E5CB1E3E</referredTableID>
<keyObject>28B461BA-99C0-0E0E-FB80-C1F5E066347D</keyObject>
<referredKeyID>28B461BA-99C0-0E0E-FB80-C1F5E066347D</referredKeyID>
<mandatory>true</mandatory>
<refColNames>pedido_numero</refColNames>
<transferable>true</transferable>
<rely>false</rely>
<columnDependencyConstraintGenerateInDDL>true</columnDependencyConstraintGenerateInDDL>
</FKIndexAssociation>