<?xml version = '1.0' encoding = 'UTF-8'?>
<FKIndexAssociation class="oracle.dbtools.crest.model.design.relational.FKIndexAssociation" directorySegmentName="seg_0" id="D6034633-A9A1-3F12-75E5-91E1449D8B79" containerWithKeyObject="6229A79B-ED12-EF5F-CA5E-D517619F225C" localFKIndex="39E0A901-7D74-2F1D-35D6-12FD0A739D7E" name="FORNECEDORES_ENDERECOS_CEPS_FK">
<createdBy>labsfiap</createdBy>
<createdTime>2025-04-25 11:16:19 UTC</createdTime>
<generatorID>26D76A70-717B-73FD-476A-383B001F3243</generatorID>
<ownerDesignName>Modelo Relacional</ownerDesignName>
<referredTableLongName>ENDERECOS_CEPS</referredTableLongName>
<deleteRule>NO ACTION</deleteRule>
<referredTableID>BB3AD685-8B27-DA31-68FF-BB1B48F2B0D4</referredTableID>
<keyObject>131A57A1-1DD9-9604-A727-423285BD558A</keyObject>
<referredKeyID>131A57A1-1DD9-9604-A727-423285BD558A</referredKeyID>
<mandatory>true</mandatory>
<refColNames>endereco_cep</refColNames>
<transferable>true</transferable>
<rely>false</rely>
<columnDependencyConstraintGenerateInDDL>true</columnDependencyConstraintGenerateInDDL>
</FKIndexAssociation>