<?xml version = '1.0' encoding = 'UTF-8'?>
<FKIndexAssociation class="oracle.dbtools.crest.model.design.relational.FKIndexAssociation" directorySegmentName="seg_0" id="E5314188-6A18-8615-505E-A5288A1F32F8" containerWithKeyObject="12420786-13D2-B6D8-A234-3897E5CB1E3E" localFKIndex="60112EC2-3799-9292-4C8E-F80B5BDB5FD9" name="PEDIDOS_VENDEDORES_FK">
<createdBy>labsfiap</createdBy>
<createdTime>2025-04-25 11:16:19 UTC</createdTime>
<generatorID>4EAFCC4F-9F03-90AF-C756-0F31D57D0202</generatorID>
<ownerDesignName>Modelo Relacional</ownerDesignName>
<referredTableLongName>VENDEDORES</referredTableLongName>
<deleteRule>NO ACTION</deleteRule>
<referredTableID>110773BC-71E6-4A9F-8E54-1FDFC64B68CB</referredTableID>
<keyObject>F1155276-6D6D-23FB-820B-A613296E8F40</keyObject>
<referredKeyID>F1155276-6D6D-23FB-820B-A613296E8F40</referredKeyID>
<mandatory>true</mandatory>
<refColNames>vendedor_codigo</refColNames>
<transferable>true</transferable>
<rely>false</rely>
<columnDependencyConstraintGenerateInDDL>true</columnDependencyConstraintGenerateInDDL>
</FKIndexAssociation>