<?xml version = '1.0' encoding = 'UTF-8'?>
<FKIndexAssociation class="oracle.dbtools.crest.model.design.relational.FKIndexAssociation" directorySegmentName="seg_0" id="FB475EA2-1EA7-1B86-645E-BA4A574068A2" containerWithKeyObject="6F76C31B-906C-FBF8-1E2F-15431083762C" localFKIndex="14E6A587-F65A-4B4F-D311-D827D4DA99E4" name="PESSOA_FISICA_CLIENTES_FK">
<createdBy>labsfiap</createdBy>
<createdTime>2025-04-25 11:16:19 UTC</createdTime>
<generatorID>DF222F20-694C-9A4C-9A4C-C119623F2F1D</generatorID>
<ownerDesignName>Modelo Relacional</ownerDesignName>
<referredTableLongName>CLIENTES</referredTableLongName>
<arc>FEE759A5-22F3-E8A5-C5D4-4BC37C829B2E</arc>
<deleteRule>NO ACTION</deleteRule>
<referredTableID>815C67A7-C8B3-1CE2-3EF7-3FBB791C47DC</referredTableID>
<keyObject>B3F1C1C8-A3EF-750D-DB11-E601EC630655</keyObject>
<referredKeyID>B3F1C1C8-A3EF-750D-DB11-E601EC630655</referredKeyID>
<mandatory>true</mandatory>
<refColNames>cliente_codigo</refColNames>
<transferable>true</transferable>
<rely>false</rely>
<discriminatorValue>f</discriminatorValue>
<columnDependencyConstraintGenerateInDDL>true</columnDependencyConstraintGenerateInDDL>
</FKIndexAssociation>