<?xml version = '1.0' encoding = 'UTF-8'?>
<Table class="oracle.dbtools.crest.model.design.relational.Table" directorySegmentName="seg_0" id="0C858975-ACCD-5279-3753-C399D886D16C" name="PESSOA_JURIDICA">
<createdBy>labsfiap</createdBy>
<createdTime>2025-04-25 11:16:19 UTC</createdTime>
<generatorID>D401A986-9A90-E1EA-00E9-88B431180D4B</generatorID>
<ownerDesignName>Modelo Relacional</ownerDesignName>
<allowColumnReorder>false</allowColumnReorder>
<existDependencyGenerateInDDl>true</existDependencyGenerateInDDl>
<parsed>true</parsed>
<columns itemClass="oracle.dbtools.crest.model.design.relational.Column">
<Column name="cliente_codigo" id="F83DD34D-B352-7AB7-B809-5891DE18413E">
<createdBy>labsfiap</createdBy>
<createdTime>2025-04-25 11:16:19 UTC</createdTime>
<generatorID>B5768F4B-5CA4-BE3B-4E9E-95224FAD76DD</generatorID>
<ownerDesignName>Modelo Relacional</ownerDesignName>
<useDomainConstraints>false</useDomainConstraints>
<use>1</use>
<logicalDatatype>LOGDT011</logicalDatatype>
<ownDataTypeParameters>,,</ownDataTypeParameters>
<autoIncrementCycle>false</autoIncrementCycle>
<associations>
<colAssociation fkAssociation="70F5A488-1884-0CE5-9F7E-F62D4FE15F5E" referredColumn="13546B0B-2E63-7511-CD00-BCC78083D9EE"/>
</associations>
</Column>
<Column name="inscricao_estadual" id="78B21BA3-B83E-6CD7-318F-162A2901B84B">
<createdBy>labsfiap</createdBy>
<createdTime>2025-04-25 11:16:19 UTC</createdTime>
<generatorID>A0E3BC7F-D232-CCD2-6C39-9BBA2261FA9A</generatorID>
<ownerDesignName>Modelo Relacional</ownerDesignName>
<useDomainConstraints>false</useDomainConstraints>
<use>1</use>
<logicalDatatype>LOGDT024</logicalDatatype>
<dataTypeSize>11</dataTypeSize>
<ownDataTypeParameters>11,,</ownDataTypeParameters>
<autoIncrementCycle>false</autoIncrementCycle>
</Column>
<Column name="cnpj" id="93BDAC1D-7E3A-DB49-5A80-E28E507F6014">
<createdBy>labsfiap</createdBy>
<createdTime>2025-04-25 11:16:19 UTC</createdTime>
<generatorID>D9F6CCF6-5CCE-48A6-1594-C4F4023B23C5</generatorID>
<ownerDesignName>Modelo Relacional</ownerDesignName>
<useDomainConstraints>false</useDomainConstraints>
<use>1</use>
<logicalDatatype>LOGDT024</logicalDatatype>
<dataTypeSize>14</dataTypeSize>
<ownDataTypeParameters>14,,</ownDataTypeParameters>
<autoIncrementCycle>false</autoIncrementCycle>
</Column>
</columns>
<indexes itemClass="oracle.dbtools.crest.model.design.relational.Index">
<ind_PK_UK id="B04195E2-690E-6786-CF5E-C3E81254F81B" name="PESSOA_JURIDICA_PK">
<createdBy>labsfiap</createdBy>
<createdTime>2025-04-25 11:16:19 UTC</createdTime>
<generatorID>6721904C-822D-9264-CB85-F66123AD7E3A</generatorID>
<ownerDesignName>Modelo Relacional</ownerDesignName>
<pk>true</pk>
<indexState>Primary Constraint</indexState>
<isSurrogateKey>false</isSurrogateKey>
<indexColumnUsage>
<colUsage columnID="F83DD34D-B352-7AB7-B809-5891DE18413E"/>
</indexColumnUsage>
</ind_PK_UK>
<ind_PK_UK id="F6AA1BDF-087C-9861-9567-E6230D3CC9CD" name="PESSOA_JURIDICA_CLIENTES_FK">
<createdBy>labsfiap</createdBy>
<createdTime>2025-04-25 11:16:19 UTC</createdTime>
<generatorID>09FC5D1F-04A0-31B6-6541-F02E559D7210</generatorID>
<ownerDesignName>Modelo Relacional</ownerDesignName>
<indexState>Foreign Key</indexState>
<isSurrogateKey>false</isSurrogateKey>
<indexColumnUsage>
<colUsage columnID="F83DD34D-B352-7AB7-B809-5891DE18413E"/>
</indexColumnUsage>
</ind_PK_UK>
</indexes>
</Table>