<?xml version = '1.0' encoding = 'UTF-8'?>
<Table class="oracle.dbtools.crest.model.design.relational.Table" directorySegmentName="seg_0" id="12420786-13D2-B6D8-A234-3897E5CB1E3E" name="PEDIDOS">
<createdBy>labsfiap</createdBy>
<createdTime>2025-04-25 11:16:19 UTC</createdTime>
<generatorID>8B5B48EE-A531-FBD2-E4D1-87AA7A799D55</generatorID>
<ownerDesignName>Modelo Relacional</ownerDesignName>
<allowColumnReorder>false</allowColumnReorder>
<existDependencyGenerateInDDl>true</existDependencyGenerateInDDl>
<parsed>true</parsed>
<columns itemClass="oracle.dbtools.crest.model.design.relational.Column">
<Column name="pedido_numero" id="7AF965A1-581D-25B0-6219-A956D44FE528">
<createdBy>labsfiap</createdBy>
<createdTime>2025-04-25 11:16:19 UTC</createdTime>
<generatorID>B3DB041F-813F-D9E9-E319-07DCED2198A3</generatorID>
<ownerDesignName>Modelo Relacional</ownerDesignName>
<useDomainConstraints>false</useDomainConstraints>
<use>1</use>
<logicalDatatype>LOGDT011</logicalDatatype>
<ownDataTypeParameters>,,</ownDataTypeParameters>
<autoIncrementCycle>false</autoIncrementCycle>
</Column>
<Column name="CLIENTES_cliente_codigo" id="8D604F1F-4790-EC8F-8C3C-C7FD044BE1B9">
<createdBy>labsfiap</createdBy>
<createdTime>2025-04-25 11:16:19 UTC</createdTime>
<generatorID>305A10A0-F52F-C791-3A9B-C0406B591C2A</generatorID>
<ownerDesignName>Modelo Relacional</ownerDesignName>
<useDomainConstraints>false</useDomainConstraints>
<use>1</use>
<logicalDatatype>LOGDT011</logicalDatatype>
<ownDataTypeParameters>,,</ownDataTypeParameters>
<previousColumn>false</previousColumn>
<autoIncrementCycle>false</autoIncrementCycle>
<associations>
<colAssociation fkAssociation="113B47B3-11D5-CEB7-E6F7-D0E7DE352CA4" referredColumn="13546B0B-2E63-7511-CD00-BCC78083D9EE"/>
</associations>
</Column>
<Column name="VENDEDORES_vendedor_codigo" id="E1B4F964-AC7A-2F35-029B-56A449521381">
<createdBy>labsfiap</createdBy>
<createdTime>2025-04-25 11:16:19 UTC</createdTime>
<generatorID>C53D9AEA-9A09-FE84-7A3F-D078275A412C</generatorID>
<ownerDesignName>Modelo Relacional</ownerDesignName>
<useDomainConstraints>false</useDomainConstraints>
<use>1</use>
<logicalDatatype>LOGDT011</logicalDatatype>
<ownDataTypeParameters>,,</ownDataTypeParameters>
<previousColumn>false</previousColumn>
<autoIncrementCycle>false</autoIncrementCycle>
<associations>
<colAssociation fkAssociation="E5314188-6A18-8615-505E-A5288A1F32F8" referredColumn="C174EC15-B691-3B0D-4EE0-7F9BA6083488"/>
</associations>
</Column>
<Column name="pedido_data" id="6383A346-4FCB-3BAC-0528-8E593CC63C28">
<createdBy>labsfiap</createdBy>
<createdTime>2025-04-25 11:16:19 UTC</createdTime>
<generatorID>CD73EC0D-56D7-CF4B-548E-74330A870A90</generatorID>
<ownerDesignName>Modelo Relacional</ownerDesignName>
<useDomainConstraints>false</useDomainConstraints>
<use>1</use>
<logicalDatatype>LOGDT007</logicalDatatype>
<ownDataTypeParameters>,,</ownDataTypeParameters>
<autoIncrementCycle>false</autoIncrementCycle>
</Column>
<Column name="pedido_tipo" id="A9D4CB53-A248-7305-2485-B712F3E7E010">
<createdBy>labsfiap</createdBy>
<createdTime>2025-04-25 11:16:19 UTC</createdTime>
<generatorID>30E1B6F1-4A05-A0DE-8F6E-E9E166260AF8</generatorID>
<ownerDesignName>Modelo Relacional</ownerDesignName>
<useDomainConstraints>false</useDomainConstraints>
<use>1</use>
<logicalDatatype>LOGDT025</logicalDatatype>
<dataTypeSize>1</dataTypeSize>
<ownDataTypeParameters>1,,</ownDataTypeParameters>
<autoIncrementCycle>false</autoIncrementCycle>
</Column>
<Column name="pedido_situacao" id="3F51B9DD-78CA-9CA1-32DF-9BE0EF6D982F">
<createdBy>labsfiap</createdBy>
<createdTime>2025-04-25 11:16:19 UTC</createdTime>
<generatorID>7F72F955-5FFD-E0D9-71F0-9B43DAA7E04A</generatorID>
<ownerDesignName>Modelo Relacional</ownerDesignName>
<useDomainConstraints>false</useDomainConstraints>
<use>1</use>
<logicalDatatype>LOGDT025</logicalDatatype>
<dataTypeSize>1</dataTypeSize>
<ownDataTypeParameters>1,,</ownDataTypeParameters>
<autoIncrementCycle>false</autoIncrementCycle>
</Column>
</columns>
<indexes itemClass="oracle.dbtools.crest.model.design.relational.Index">
<ind_PK_UK id="28B461BA-99C0-0E0E-FB80-C1F5E066347D" name="PEDIDOS_PK">
<createdBy>labsfiap</createdBy>
<createdTime>2025-04-25 11:16:19 UTC</createdTime>
<generatorID>69A4A6D9-1DB7-B24D-660B-F3E456F8BC5C</generatorID>
<ownerDesignName>Modelo Relacional</ownerDesignName>
<pk>true</pk>
<indexState>Primary Constraint</indexState>
<isSurrogateKey>false</isSurrogateKey>
<indexColumnUsage>
<colUsage columnID="7AF965A1-581D-25B0-6219-A956D44FE528"/>
</indexColumnUsage>
</ind_PK_UK>
<ind_PK_UK id="60112EC2-3799-9292-4C8E-F80B5BDB5FD9" name="PEDIDOS_VENDEDORES_FK">
<createdBy>labsfiap</createdBy>
<createdTime>2025-04-25 11:16:19 UTC</createdTime>
<generatorID>4EAFCC4F-9F03-90AF-C756-0F31D57D0202</generatorID>
<ownerDesignName>Modelo Relacional</ownerDesignName>
<indexState>Foreign Key</indexState>
<isSurrogateKey>false</isSurrogateKey>
<indexColumnUsage>
<colUsage columnID="E1B4F964-AC7A-2F35-029B-56A449521381"/>
</indexColumnUsage>
</ind_PK_UK>
<ind_PK_UK id="0BAB8560-8D76-2871-99FF-E2CF1848FF18" name="PEDIDOS_CLIENTES_FK">
<createdBy>labsfiap</createdBy>
<createdTime>2025-04-25 11:16:19 UTC</createdTime>
<generatorID>4053D83F-6531-25ED-C03F-AA9C70C38396</generatorID>
<ownerDesignName>Modelo Relacional</ownerDesignName>
<indexState>Foreign Key</indexState>
<isSurrogateKey>false</isSurrogateKey>
<indexColumnUsage>
<colUsage columnID="8D604F1F-4790-EC8F-8C3C-C7FD044BE1B9"/>
</indexColumnUsage>
</ind_PK_UK>
</indexes>
</Table>