<?xml version = '1.0' encoding = 'UTF-8'?>
<Table class="oracle.dbtools.crest.model.design.relational.Table" directorySegmentName="seg_0" id="2D178652-22B1-107C-23C8-E5D25CE4CF16" name="CLIENTES_TELEFONES">
<createdBy>labsfiap</createdBy>
<createdTime>2025-04-25 11:16:19 UTC</createdTime>
<generatorID>54DACE76-434B-4EAB-5263-1B8766FFC307</generatorID>
<ownerDesignName>Modelo Relacional</ownerDesignName>
<allowColumnReorder>false</allowColumnReorder>
<existDependencyGenerateInDDl>true</existDependencyGenerateInDDl>
<parsed>true</parsed>
<columns itemClass="oracle.dbtools.crest.model.design.relational.Column">
<Column name="CLIENTES_cliente_codigo" id="3509B209-C1C3-A27C-64F7-59F701590F9B">
<createdBy>labsfiap</createdBy>
<createdTime>2025-04-25 11:16:19 UTC</createdTime>
<generatorID>2B7B0E8F-3443-A69B-EF20-B716E9ED1031</generatorID>
<ownerDesignName>Modelo Relacional</ownerDesignName>
<useDomainConstraints>false</useDomainConstraints>
<use>1</use>
<logicalDatatype>LOGDT011</logicalDatatype>
<ownDataTypeParameters>,,</ownDataTypeParameters>
<previousColumn>false</previousColumn>
<autoIncrementCycle>false</autoIncrementCycle>
<associations>
<colAssociation fkAssociation="27096617-167F-B4D9-66FF-00AA15BDA7E5" referredColumn="13546B0B-2E63-7511-CD00-BCC78083D9EE"/>
</associations>
</Column>
<Column name="ddd" id="9C4B579C-10C5-9CC5-24F2-9B507C3D3D2D">
<createdBy>labsfiap</createdBy>
<createdTime>2025-04-25 11:16:19 UTC</createdTime>
<generatorID>DBD90B64-F21A-5CE8-4FA9-B99B44803769</generatorID>
<ownerDesignName>Modelo Relacional</ownerDesignName>
<useDomainConstraints>false</useDomainConstraints>
<use>1</use>
<logicalDatatype>LOGDT025</logicalDatatype>
<dataTypeSize>2</dataTypeSize>
<ownDataTypeParameters>2,,</ownDataTypeParameters>
<autoIncrementCycle>false</autoIncrementCycle>
</Column>
<Column name="numero" id="E6A4FE33-0C50-746E-753F-1696B9F15705">
<createdBy>labsfiap</createdBy>
<createdTime>2025-04-25 11:16:19 UTC</createdTime>
<generatorID>5069E190-5263-99ED-C616-708FF89F4EBE</generatorID>
<ownerDesignName>Modelo Relacional</ownerDesignName>
<useDomainConstraints>false</useDomainConstraints>
<use>1</use>
<logicalDatatype>LOGDT024</logicalDatatype>
<dataTypeSize>9</dataTypeSize>
<ownDataTypeParameters>9,,</ownDataTypeParameters>
<autoIncrementCycle>false</autoIncrementCycle>
</Column>
</columns>
<indexes itemClass="oracle.dbtools.crest.model.design.relational.Index">
<ind_PK_UK id="46FD7571-E63F-6FFE-116F-73B66EFEACCA" name="CLIENTES_TELEFONES_PK">
<createdBy>labsfiap</createdBy>
<createdTime>2025-04-25 11:16:19 UTC</createdTime>
<generatorID>6B98F18F-9F9E-16E5-B7FA-3BF9CAAA4BA9</generatorID>
<ownerDesignName>Modelo Relacional</ownerDesignName>
<pk>true</pk>
<indexState>Primary Constraint</indexState>
<isSurrogateKey>false</isSurrogateKey>
<indexColumnUsage>
<colUsage columnID="3509B209-C1C3-A27C-64F7-59F701590F9B"/>
</indexColumnUsage>
</ind_PK_UK>
<ind_PK_UK id="FEFF8CE2-56E7-39CE-A16C-A7937854CF6B" name="CLIENTES_TELEFONES_CLIENTES_FK">
<createdBy>labsfiap</createdBy>
<createdTime>2025-04-25 11:16:19 UTC</createdTime>
<generatorID>4223F482-548E-600A-837B-F176D222D000</generatorID>
<ownerDesignName>Modelo Relacional</ownerDesignName>
<indexState>Foreign Key</indexState>
<isSurrogateKey>false</isSurrogateKey>
<indexColumnUsage>
<colUsage columnID="3509B209-C1C3-A27C-64F7-59F701590F9B"/>
</indexColumnUsage>
</ind_PK_UK>
</indexes>
</Table>