<?xml version = '1.0' encoding = 'UTF-8'?>
<Table class="oracle.dbtools.crest.model.design.relational.Table" directorySegmentName="seg_0" id="5A46CFFB-B408-AC32-2560-C95592D7D3F5" name="PEDIDOS_ITENS">
<createdBy>labsfiap</createdBy>
<createdTime>2025-04-25 11:16:19 UTC</createdTime>
<generatorID>F9EE7E41-2F82-AA07-99E9-88FF117079CF</generatorID>
<ownerDesignName>Modelo Relacional</ownerDesignName>
<allowColumnReorder>false</allowColumnReorder>
<existDependencyGenerateInDDl>true</existDependencyGenerateInDDl>
<parsed>true</parsed>
<columns itemClass="oracle.dbtools.crest.model.design.relational.Column">
<Column name="item_codigo" id="FB78E405-EF5C-3A7C-86AC-4409FE2745D7">
<createdBy>labsfiap</createdBy>
<createdTime>2025-04-25 11:16:19 UTC</createdTime>
<generatorID>52A1F135-2198-00D7-E3C4-D47430545D98</generatorID>
<ownerDesignName>Modelo Relacional</ownerDesignName>
<useDomainConstraints>false</useDomainConstraints>
<use>1</use>
<logicalDatatype>LOGDT011</logicalDatatype>
<ownDataTypeParameters>,,</ownDataTypeParameters>
<autoIncrementCycle>false</autoIncrementCycle>
</Column>
<Column name="PEDIDOS_pedido_numero" id="F71E6414-9D16-5E3E-188D-9DBA23365F71">
<createdBy>labsfiap</createdBy>
<createdTime>2025-04-25 11:16:19 UTC</createdTime>
<generatorID>6DC76E81-FC55-8CE0-73F9-514C6E535137</generatorID>
<ownerDesignName>Modelo Relacional</ownerDesignName>
<useDomainConstraints>false</useDomainConstraints>
<use>1</use>
<logicalDatatype>LOGDT011</logicalDatatype>
<ownDataTypeParameters>,,</ownDataTypeParameters>
<previousColumn>false</previousColumn>
<autoIncrementCycle>false</autoIncrementCycle>
<associations>
<colAssociation fkAssociation="93C7960F-06BF-6DC2-28C5-F0C30EE4CE4A" referredColumn="7AF965A1-581D-25B0-6219-A956D44FE528"/>
</associations>
</Column>
<Column name="LISTA_PRECOS_lista_codigo" id="0342016B-EFDC-6C40-4139-47F68487A0FD">
<createdBy>labsfiap</createdBy>
<createdTime>2025-04-25 11:16:19 UTC</createdTime>
<generatorID>F367DF61-AA86-ED05-69E4-C8068779C2B0</generatorID>
<ownerDesignName>Modelo Relacional</ownerDesignName>
<useDomainConstraints>false</useDomainConstraints>
<use>1</use>
<logicalDatatype>LOGDT011</logicalDatatype>
<ownDataTypeParameters>,,</ownDataTypeParameters>
<previousColumn>false</previousColumn>
<autoIncrementCycle>false</autoIncrementCycle>
<associations>
<colAssociation fkAssociation="1E1C44A2-0C3C-9EFC-83D4-FD050B40667C" referredColumn="7D272185-2F75-B4DA-44F2-61DC3E1A6DC5"/>
</associations>
</Column>
<Column name="item_situacao" id="EB521EDA-CDB6-6D6D-4F65-85D283381E6C">
<createdBy>labsfiap</createdBy>
<createdTime>2025-04-25 11:16:19 UTC</createdTime>
<generatorID>09A0498A-E47B-5035-BD8A-CF52A3020424</generatorID>
<ownerDesignName>Modelo Relacional</ownerDesignName>
<useDomainConstraints>false</useDomainConstraints>
<use>1</use>
<logicalDatatype>LOGDT011</logicalDatatype>
<ownDataTypeParameters>,,</ownDataTypeParameters>
<autoIncrementCycle>false</autoIncrementCycle>
</Column>
<Column name="item_quantidade" id="E4B05736-B71A-CE30-3981-B5A0AB9545D9">
<createdBy>labsfiap</createdBy>
<createdTime>2025-04-25 11:16:19 UTC</createdTime>
<generatorID>C1410553-E709-10B8-D121-3682D8DE4F7D</generatorID>
<ownerDesignName>Modelo Relacional</ownerDesignName>
<useDomainConstraints>false</useDomainConstraints>
<use>1</use>
<logicalDatatype>LOGDT011</logicalDatatype>
<ownDataTypeParameters>,,</ownDataTypeParameters>
<autoIncrementCycle>false</autoIncrementCycle>
</Column>
</columns>
<indexes itemClass="oracle.dbtools.crest.model.design.relational.Index">
<ind_PK_UK id="9599E2E2-6893-9C24-0F3A-7E7FBC8C7BF2" name="PEDIDOS_ITENS_PK">
<createdBy>labsfiap</createdBy>
<createdTime>2025-04-25 11:16:19 UTC</createdTime>
<generatorID>733B8FDC-7DEA-F4E5-98ED-5DB65D07CB45</generatorID>
<ownerDesignName>Modelo Relacional</ownerDesignName>
<pk>true</pk>
<indexState>Primary Constraint</indexState>
<isSurrogateKey>false</isSurrogateKey>
<indexColumnUsage>
<colUsage columnID="FB78E405-EF5C-3A7C-86AC-4409FE2745D7"/>
</indexColumnUsage>
</ind_PK_UK>
<ind_PK_UK id="DEEAC675-2D8D-059A-3BB8-6EB8D6C5B72D" name="PEDIDOS_ITENS_LISTA_PRECOS_FK">
<createdBy>labsfiap</createdBy>
<createdTime>2025-04-25 11:16:19 UTC</createdTime>
<generatorID>DA2D2831-3907-FB8F-3378-958176089B1D</generatorID>
<ownerDesignName>Modelo Relacional</ownerDesignName>
<indexState>Foreign Key</indexState>
<isSurrogateKey>false</isSurrogateKey>
<indexColumnUsage>
<colUsage columnID="0342016B-EFDC-6C40-4139-47F68487A0FD"/>
</indexColumnUsage>
</ind_PK_UK>
<ind_PK_UK id="E7DCCD85-EEB4-C582-B617-5F4EF9022A90" name="PEDIDOS_ITENS_PEDIDOS_FK">
<createdBy>labsfiap</createdBy>
<createdTime>2025-04-25 11:16:19 UTC</createdTime>
<generatorID>0D697DBE-DE3A-04C7-890C-D07D070D1E6B</generatorID>
<ownerDesignName>Modelo Relacional</ownerDesignName>
<indexState>Foreign Key</indexState>
<isSurrogateKey>false</isSurrogateKey>
<indexColumnUsage>
<colUsage columnID="F71E6414-9D16-5E3E-188D-9DBA23365F71"/>
</indexColumnUsage>
</ind_PK_UK>
</indexes>
</Table>