<?xml version = '1.0' encoding = 'UTF-8'?>
<Table class="oracle.dbtools.crest.model.design.relational.Table" directorySegmentName="seg_0" id="617E626F-D19A-D4A3-2DBE-D47DFA56CD16" name="LISTA_PRECOS">
<createdBy>labsfiap</createdBy>
<createdTime>2025-04-25 11:16:19 UTC</createdTime>
<generatorID>3318400B-5439-893D-8041-274F36412AF5</generatorID>
<ownerDesignName>Modelo Relacional</ownerDesignName>
<allowColumnReorder>false</allowColumnReorder>
<existDependencyGenerateInDDl>true</existDependencyGenerateInDDl>
<parsed>true</parsed>
<columns itemClass="oracle.dbtools.crest.model.design.relational.Column">
<Column name="PRODUTOS_produto_codigo" id="87A81B57-0888-5493-4E5D-9DEA83343ACF">
<createdBy>labsfiap</createdBy>
<createdTime>2025-04-25 11:16:19 UTC</createdTime>
<generatorID>771D8CF7-6753-C025-7DAE-C41BBE7771E2</generatorID>
<ownerDesignName>Modelo Relacional</ownerDesignName>
<useDomainConstraints>false</useDomainConstraints>
<use>1</use>
<logicalDatatype>LOGDT011</logicalDatatype>
<ownDataTypeParameters>,,</ownDataTypeParameters>
<previousColumn>false</previousColumn>
<autoIncrementCycle>false</autoIncrementCycle>
<associations>
<colAssociation fkAssociation="864CF456-DD28-D66F-8F37-9880033529F1" referredColumn="1947496E-F6C0-6EFE-526B-C3943EBE07E3"/>
</associations>
</Column>
<Column name="lista_codigo" id="7D272185-2F75-B4DA-44F2-61DC3E1A6DC5">
<createdBy>labsfiap</createdBy>
<createdTime>2025-04-25 11:16:19 UTC</createdTime>
<generatorID>1241EF98-5156-6293-3382-DD0EC4533AB1</generatorID>
<ownerDesignName>Modelo Relacional</ownerDesignName>
<useDomainConstraints>false</useDomainConstraints>
<use>1</use>
<logicalDatatype>LOGDT011</logicalDatatype>
<ownDataTypeParameters>,,</ownDataTypeParameters>
<autoIncrementCycle>false</autoIncrementCycle>
</Column>
<Column name="lista_valor" id="CCBD3850-3227-870C-8AA4-3FC28B39CA60">
<createdBy>labsfiap</createdBy>
<createdTime>2025-04-25 11:16:19 UTC</createdTime>
<generatorID>830B2EE1-EB80-5160-8B15-F397E391739A</generatorID>
<ownerDesignName>Modelo Relacional</ownerDesignName>
<useDomainConstraints>false</useDomainConstraints>
<use>1</use>
<logicalDatatype>LOGDT026</logicalDatatype>
<dataTypePrecision>7</dataTypePrecision>
<dataTypeScale>2</dataTypeScale>
<defaultValue>0</defaultValue>
<ownDataTypeParameters>,7,2</ownDataTypeParameters>
<autoIncrementCycle>false</autoIncrementCycle>
<listOfRanges>
<rangeDef class="oracle.dbtools.crest.model.design.constraint.AVT">
<beginValue>0</beginValue>
<endValue>10000</endValue>
</rangeDef>
</listOfRanges>
</Column>
<Column name="lista_data" id="BEF7C93D-1F3A-1067-D7DD-392734560AE2">
<createdBy>labsfiap</createdBy>
<createdTime>2025-04-25 11:16:19 UTC</createdTime>
<generatorID>1B0ED6B9-C920-BA01-4EE6-3387166456D1</generatorID>
<ownerDesignName>Modelo Relacional</ownerDesignName>
<useDomainConstraints>false</useDomainConstraints>
<use>1</use>
<logicalDatatype>LOGDT007</logicalDatatype>
<defaultValue>NOW( )</defaultValue>
<ownDataTypeParameters>,,</ownDataTypeParameters>
<autoIncrementCycle>false</autoIncrementCycle>
</Column>
</columns>
<indexes itemClass="oracle.dbtools.crest.model.design.relational.Index">
<ind_PK_UK id="884F5AB1-D3ED-1B9F-994C-B3A346913782" name="LISTA_PRECOS_PK">
<createdBy>labsfiap</createdBy>
<createdTime>2025-04-25 11:16:19 UTC</createdTime>
<generatorID>AD02F1BA-C060-B40D-5D71-8D325F9AA581</generatorID>
<ownerDesignName>Modelo Relacional</ownerDesignName>
<pk>true</pk>
<indexState>Primary Constraint</indexState>
<isSurrogateKey>false</isSurrogateKey>
<indexColumnUsage>
<colUsage columnID="7D272185-2F75-B4DA-44F2-61DC3E1A6DC5"/>
</indexColumnUsage>
</ind_PK_UK>
<ind_PK_UK id="E0538C91-A50D-88E0-DADA-331BD6F6F3DF" name="LISTA_PRECOS_PRODUTOS_FK">
<createdBy>labsfiap</createdBy>
<createdTime>2025-04-25 11:16:19 UTC</createdTime>
<generatorID>85F7E30D-3A2B-60DD-AADD-44E52C0978C4</generatorID>
<ownerDesignName>Modelo Relacional</ownerDesignName>
<indexState>Foreign Key</indexState>
<isSurrogateKey>false</isSurrogateKey>
<indexColumnUsage>
<colUsage columnID="87A81B57-0888-5493-4E5D-9DEA83343ACF"/>
</indexColumnUsage>
</ind_PK_UK>
</indexes>
</Table>