<?xml version = '1.0' encoding = 'UTF-8'?>
<Table class="oracle.dbtools.crest.model.design.relational.Table" directorySegmentName="seg_0" id="6229A79B-ED12-EF5F-CA5E-D517619F225C" name="FORNECEDORES">
<createdBy>labsfiap</createdBy>
<createdTime>2025-04-25 11:16:19 UTC</createdTime>
<generatorID>E46508C6-611E-FDA0-1B5B-FBE2F9CA68CE</generatorID>
<ownerDesignName>Modelo Relacional</ownerDesignName>
<allowColumnReorder>false</allowColumnReorder>
<existDependencyGenerateInDDl>true</existDependencyGenerateInDDl>
<parsed>true</parsed>
<columns itemClass="oracle.dbtools.crest.model.design.relational.Column">
<Column name="fornecedor_codigo" id="9D6C328B-4171-7F58-BDBC-B8BD82B0B288">
<createdBy>labsfiap</createdBy>
<createdTime>2025-04-25 11:16:19 UTC</createdTime>
<generatorID>CFBB8B6C-1943-4188-3207-0C4A700A1E53</generatorID>
<ownerDesignName>Modelo Relacional</ownerDesignName>
<useDomainConstraints>false</useDomainConstraints>
<use>1</use>
<logicalDatatype>LOGDT011</logicalDatatype>
<ownDataTypeParameters>,,</ownDataTypeParameters>
<autoIncrementCycle>false</autoIncrementCycle>
</Column>
<Column name="fornecedor_nome" id="A26BA4AC-5A79-1743-587F-747AD5A5C9A8">
<createdBy>labsfiap</createdBy>
<createdTime>2025-04-25 11:16:19 UTC</createdTime>
<generatorID>BA6C3355-A20B-0D49-347E-8C3E9F48816D</generatorID>
<ownerDesignName>Modelo Relacional</ownerDesignName>
<useDomainConstraints>false</useDomainConstraints>
<use>1</use>
<logicalDatatype>LOGDT024</logicalDatatype>
<dataTypeSize>40</dataTypeSize>
<ownDataTypeParameters>40,,</ownDataTypeParameters>
<autoIncrementCycle>false</autoIncrementCycle>
</Column>
<Column name="ENDERECOS_CEPS_endereco_cep" id="49EFE7A7-0B11-1E9C-F589-C14D2228FD77">
<createdBy>labsfiap</createdBy>
<createdTime>2025-04-25 11:16:19 UTC</createdTime>
<generatorID>713D6C48-87FD-F041-5DC4-E247B005D47F</generatorID>
<ownerDesignName>Modelo Relacional</ownerDesignName>
<useDomainConstraints>false</useDomainConstraints>
<use>1</use>
<logicalDatatype>LOGDT024</logicalDatatype>
<dataTypeSize>8</dataTypeSize>
<ownDataTypeParameters>,,</ownDataTypeParameters>
<previousColumn>false</previousColumn>
<autoIncrementCycle>false</autoIncrementCycle>
<associations>
<colAssociation fkAssociation="D6034633-A9A1-3F12-75E5-91E1449D8B79" referredColumn="BCB66484-BD79-B48B-A599-9B848E14E615"/>
</associations>
</Column>
<Column name="fornecedor_numero_end" id="F58ABAD3-A553-D2A4-63EC-9046639E0F84">
<createdBy>labsfiap</createdBy>
<createdTime>2025-04-25 11:16:19 UTC</createdTime>
<generatorID>90ADDD62-487B-7DC8-4BB6-352ED07AD78D</generatorID>
<ownerDesignName>Modelo Relacional</ownerDesignName>
<useDomainConstraints>false</useDomainConstraints>
<use>1</use>
<logicalDatatype>LOGDT011</logicalDatatype>
<ownDataTypeParameters>,,</ownDataTypeParameters>
<autoIncrementCycle>false</autoIncrementCycle>
</Column>
<Column name="fornecedor_complemento_end" id="1BC73566-F7C5-CEBF-E413-4D7873CE5CE9">
<createdBy>labsfiap</createdBy>
<createdTime>2025-04-25 11:16:19 UTC</createdTime>
<generatorID>899912DA-9ED1-DF24-0F4E-C1D10396E2A9</generatorID>
<ownerDesignName>Modelo Relacional</ownerDesignName>
<nullsAllowed>true</nullsAllowed>
<useDomainConstraints>false</useDomainConstraints>
<use>1</use>
<logicalDatatype>LOGDT024</logicalDatatype>
<dataTypeSize>10</dataTypeSize>
<ownDataTypeParameters>10,,</ownDataTypeParameters>
<autoIncrementCycle>false</autoIncrementCycle>
</Column>
<Column name="fornecedor_telefone" id="B00BD1B1-0CE3-4901-10C8-C84540CB86BD">
<createdBy>labsfiap</createdBy>
<createdTime>2025-04-25 11:16:19 UTC</createdTime>
<generatorID>E4415917-9E72-14F9-C570-38EABD5257F5</generatorID>
<ownerDesignName>Modelo Relacional</ownerDesignName>
<useDomainConstraints>false</useDomainConstraints>
<use>1</use>
<logicalDatatype>LOGDT024</logicalDatatype>
<dataTypeSize>11</dataTypeSize>
<ownDataTypeParameters>11,,</ownDataTypeParameters>
<autoIncrementCycle>false</autoIncrementCycle>
</Column>
</columns>
<indexes itemClass="oracle.dbtools.crest.model.design.relational.Index">
<ind_PK_UK id="ED3A4749-7B93-DEA5-A33F-B2963C90A542" name="FORNECEDORES_PK">
<createdBy>labsfiap</createdBy>
<createdTime>2025-04-25 11:16:19 UTC</createdTime>
<generatorID>34D1F147-D19F-F121-ED41-E00A70A9D209</generatorID>
<ownerDesignName>Modelo Relacional</ownerDesignName>
<pk>true</pk>
<indexState>Primary Constraint</indexState>
<isSurrogateKey>false</isSurrogateKey>
<indexColumnUsage>
<colUsage columnID="9D6C328B-4171-7F58-BDBC-B8BD82B0B288"/>
</indexColumnUsage>
</ind_PK_UK>
<ind_PK_UK id="39E0A901-7D74-2F1D-35D6-12FD0A739D7E" name="FORNECEDORES_ENDERECOS_CEPS_FK">
<createdBy>labsfiap</createdBy>
<createdTime>2025-04-25 11:16:19 UTC</createdTime>
<generatorID>26D76A70-717B-73FD-476A-383B001F3243</generatorID>
<ownerDesignName>Modelo Relacional</ownerDesignName>
<indexState>Foreign Key</indexState>
<isSurrogateKey>false</isSurrogateKey>
<indexColumnUsage>
<colUsage columnID="49EFE7A7-0B11-1E9C-F589-C14D2228FD77"/>
</indexColumnUsage>
</ind_PK_UK>
</indexes>
</Table>