<?xml version = '1.0' encoding = 'UTF-8'?>
<Table class="oracle.dbtools.crest.model.design.relational.Table" directorySegmentName="seg_0" id="6F76C31B-906C-FBF8-1E2F-15431083762C" name="PESSOA_FISICA">
<createdBy>labsfiap</createdBy>
<createdTime>2025-04-25 11:16:19 UTC</createdTime>
<generatorID>5B4C909F-F102-F3A1-FB92-4F8FE0C97950</generatorID>
<ownerDesignName>Modelo Relacional</ownerDesignName>
<allowColumnReorder>false</allowColumnReorder>
<existDependencyGenerateInDDl>true</existDependencyGenerateInDDl>
<parsed>true</parsed>
<columns itemClass="oracle.dbtools.crest.model.design.relational.Column">
<Column name="cliente_codigo" id="0B400B21-6688-D9BD-B01B-71915DD87C3D">
<createdBy>labsfiap</createdBy>
<createdTime>2025-04-25 11:16:19 UTC</createdTime>
<generatorID>B5768F4B-5CA4-BE3B-4E9E-95224FAD76DD</generatorID>
<ownerDesignName>Modelo Relacional</ownerDesignName>
<useDomainConstraints>false</useDomainConstraints>
<use>1</use>
<logicalDatatype>LOGDT011</logicalDatatype>
<ownDataTypeParameters>,,</ownDataTypeParameters>
<autoIncrementCycle>false</autoIncrementCycle>
<associations>
<colAssociation fkAssociation="FB475EA2-1EA7-1B86-645E-BA4A574068A2" referredColumn="13546B0B-2E63-7511-CD00-BCC78083D9EE"/>
</associations>
</Column>
<Column name="data_nascimento" id="24951611-1164-7F22-2929-644080E83005">
<createdBy>labsfiap</createdBy>
<createdTime>2025-04-25 11:16:19 UTC</createdTime>
<generatorID>C5B23853-C514-D01D-67B4-346C72EDA385</generatorID>
<ownerDesignName>Modelo Relacional</ownerDesignName>
<useDomainConstraints>false</useDomainConstraints>
<use>1</use>
<logicalDatatype>LOGDT007</logicalDatatype>
<ownDataTypeParameters>,,</ownDataTypeParameters>
<autoIncrementCycle>false</autoIncrementCycle>
</Column>
</columns>
<indexes itemClass="oracle.dbtools.crest.model.design.relational.Index">
<ind_PK_UK id="939CC772-A6A7-FB3D-55A8-67F96C56F915" name="PESSOA_FISICA_PK">
<createdBy>labsfiap</createdBy>
<createdTime>2025-04-25 11:16:19 UTC</createdTime>
<generatorID>6721904C-822D-9264-CB85-F66123AD7E3A</generatorID>
<ownerDesignName>Modelo Relacional</ownerDesignName>
<pk>true</pk>
<indexState>Primary Constraint</indexState>
<isSurrogateKey>false</isSurrogateKey>
<indexColumnUsage>
<colUsage columnID="0B400B21-6688-D9BD-B01B-71915DD87C3D"/>
</indexColumnUsage>
</ind_PK_UK>
<ind_PK_UK id="14E6A587-F65A-4B4F-D311-D827D4DA99E4" name="PESSOA_FISICA_CLIENTES_FK">
<createdBy>labsfiap</createdBy>
<createdTime>2025-04-25 11:16:19 UTC</createdTime>
<generatorID>DF222F20-694C-9A4C-9A4C-C119623F2F1D</generatorID>
<ownerDesignName>Modelo Relacional</ownerDesignName>
<indexState>Foreign Key</indexState>
<isSurrogateKey>false</isSurrogateKey>
<indexColumnUsage>
<colUsage columnID="0B400B21-6688-D9BD-B01B-71915DD87C3D"/>
</indexColumnUsage>
</ind_PK_UK>
</indexes>
</Table>