<?xml version = '1.0' encoding = 'UTF-8'?>
<Table class="oracle.dbtools.crest.model.design.relational.Table" directorySegmentName="seg_0" id="815C67A7-C8B3-1CE2-3EF7-3FBB791C47DC" name="CLIENTES">
<createdBy>labsfiap</createdBy>
<createdTime>2025-04-25 11:16:19 UTC</createdTime>
<generatorID>17F1798A-E2A2-3475-ADDF-EA4AF5BDB124</generatorID>
<ownerDesignName>Modelo Relacional</ownerDesignName>
<allowColumnReorder>false</allowColumnReorder>
<existDependencyGenerateInDDl>true</existDependencyGenerateInDDl>
<parsed>true</parsed>
<columns itemClass="oracle.dbtools.crest.model.design.relational.Column">
<Column name="cliente_codigo" id="13546B0B-2E63-7511-CD00-BCC78083D9EE">
<createdBy>labsfiap</createdBy>
<createdTime>2025-04-25 11:16:19 UTC</createdTime>
<generatorID>B5768F4B-5CA4-BE3B-4E9E-95224FAD76DD</generatorID>
<ownerDesignName>Modelo Relacional</ownerDesignName>
<useDomainConstraints>false</useDomainConstraints>
<use>1</use>
<logicalDatatype>LOGDT011</logicalDatatype>
<ownDataTypeParameters>,,</ownDataTypeParameters>
<autoIncrementCycle>false</autoIncrementCycle>
</Column>
<Column name="situacao_cliente" id="2B3C5053-69E6-F999-8136-3FD1CDE25CB0">
<createdBy>labsfiap</createdBy>
<createdTime>2025-04-25 11:16:19 UTC</createdTime>
<generatorID>FA1F6A35-36CB-7D66-8CAC-A29F5A733622</generatorID>
<ownerDesignName>Modelo Relacional</ownerDesignName>
<useDomainConstraints>false</useDomainConstraints>
<use>1</use>
<logicalDatatype>LOGDT011</logicalDatatype>
<ownDataTypeParameters>,,</ownDataTypeParameters>
<previousColumn>false</previousColumn>
<autoIncrementCycle>false</autoIncrementCycle>
<associations>
<colAssociation fkAssociation="75CC63DB-393E-3AF6-AC6E-94815B52DB9D" referredColumn="73F1881E-4F1D-68F4-D32A-BC9E1F320C62"/>
</associations>
</Column>
<Column name="endereco_cep" id="D9B998BA-263C-C2A2-6519-D39C2E029F9B">
<createdBy>labsfiap</createdBy>
<createdTime>2025-04-25 11:16:19 UTC</createdTime>
<generatorID>50B06D1F-D743-0EB4-5E3F-4E172133E0CB</generatorID>
<ownerDesignName>Modelo Relacional</ownerDesignName>
<useDomainConstraints>false</useDomainConstraints>
<use>1</use>
<logicalDatatype>LOGDT024</logicalDatatype>
<dataTypeSize>8</dataTypeSize>
<ownDataTypeParameters>,,</ownDataTypeParameters>
<previousColumn>false</previousColumn>
<autoIncrementCycle>false</autoIncrementCycle>
<associations>
<colAssociation fkAssociation="29D96C92-5C47-9ED6-4553-EE22DB4BDB6A" referredColumn="BCB66484-BD79-B48B-A599-9B848E14E615"/>
</associations>
</Column>
<Column name="cliente_nome" id="0A1FB62A-FCC1-7362-4137-C5D2D8F9E369">
<createdBy>labsfiap</createdBy>
<createdTime>2025-04-25 11:16:19 UTC</createdTime>
<generatorID>FE797758-8135-8354-BEB2-F21AFCE87079</generatorID>
<ownerDesignName>Modelo Relacional</ownerDesignName>
<useDomainConstraints>false</useDomainConstraints>
<use>1</use>
<logicalDatatype>LOGDT024</logicalDatatype>
<dataTypeSize>40</dataTypeSize>
<ownDataTypeParameters>40,,</ownDataTypeParameters>
<autoIncrementCycle>false</autoIncrementCycle>
</Column>
<Column name="cliente_numero_end" id="D2024865-DBBB-EF52-293A-6F23E7E54C26">
<createdBy>labsfiap</createdBy>
<createdTime>2025-04-25 11:16:19 UTC</createdTime>
<generatorID>50F9CA36-5BA0-C848-7B0C-CA129069F92C</generatorID>
<ownerDesignName>Modelo Relacional</ownerDesignName>
<useDomainConstraints>false</useDomainConstraints>
<use>1</use>
<logicalDatatype>LOGDT011</logicalDatatype>
<ownDataTypeParameters>,,</ownDataTypeParameters>
<autoIncrementCycle>false</autoIncrementCycle>
</Column>
<Column name="cliente_complemento_end" id="98DFB89A-7F5A-7C47-2C06-9531519A2A48">
<createdBy>labsfiap</createdBy>
<createdTime>2025-04-25 11:16:19 UTC</createdTime>
<generatorID>290312AD-2AF9-A1B5-7297-4D7C3CB3AF1E</generatorID>
<ownerDesignName>Modelo Relacional</ownerDesignName>
<nullsAllowed>true</nullsAllowed>
<useDomainConstraints>false</useDomainConstraints>
<use>1</use>
<logicalDatatype>LOGDT024</logicalDatatype>
<dataTypeSize>10</dataTypeSize>
<ownDataTypeParameters>10,,</ownDataTypeParameters>
<autoIncrementCycle>false</autoIncrementCycle>
</Column>
<Column name="cliente_data_cadastro" id="D67389C4-AC11-83D9-8014-DAAFB7210F12">
<createdBy>labsfiap</createdBy>
<createdTime>2025-04-25 11:16:19 UTC</createdTime>
<generatorID>31C57076-D1C2-3143-4D25-86E7DCEC4759</generatorID>
<ownerDesignName>Modelo Relacional</ownerDesignName>
<useDomainConstraints>false</useDomainConstraints>
<use>1</use>
<logicalDatatype>LOGDT007</logicalDatatype>
<defaultValue>NOW( )</defaultValue>
<ownDataTypeParameters>,,</ownDataTypeParameters>
<autoIncrementCycle>false</autoIncrementCycle>
</Column>
<Column name="cliente_tipo" id="E340B4A7-BA8E-A7CB-BD54-7D556E49FD8B">
<createdBy>labsfiap</createdBy>
<createdTime>2025-04-25 11:16:19 UTC</createdTime>
<generatorID>5DC5FD6E-8162-14BD-AE38-DB73FF7877DC</generatorID>
<ownerDesignName>Modelo Relacional</ownerDesignName>
<useDomainConstraints>false</useDomainConstraints>
<use>1</use>
<logicalDatatype>LOGDT025</logicalDatatype>
<dataTypeSize>1</dataTypeSize>
<listOfValues>
<valueDef value="F" description="Físico"/>
<valueDef value="J" description="Jurídico"/>
</listOfValues>
<ownDataTypeParameters>1,,</ownDataTypeParameters>
<autoIncrementCycle>false</autoIncrementCycle>
</Column>
</columns>
<indexes itemClass="oracle.dbtools.crest.model.design.relational.Index">
<ind_PK_UK id="B3F1C1C8-A3EF-750D-DB11-E601EC630655" name="CLIENTES_PK">
<createdBy>labsfiap</createdBy>
<createdTime>2025-04-25 11:16:19 UTC</createdTime>
<generatorID>6721904C-822D-9264-CB85-F66123AD7E3A</generatorID>
<ownerDesignName>Modelo Relacional</ownerDesignName>
<pk>true</pk>
<indexState>Primary Constraint</indexState>
<isSurrogateKey>false</isSurrogateKey>
<indexColumnUsage>
<colUsage columnID="13546B0B-2E63-7511-CD00-BCC78083D9EE"/>
</indexColumnUsage>
</ind_PK_UK>
<ind_PK_UK id="957DB8A0-DC40-E30F-7383-D27767158F9A" name="CLIENTES_NOME_UN">
<createdBy>labsfiap</createdBy>
<createdTime>2025-04-25 12:05:31 UTC</createdTime>
<ownerDesignName>Modelo Relacional</ownerDesignName>
<indexState>Unique Constraint</indexState>
<isSurrogateKey>false</isSurrogateKey>
<indexColumnUsage>
<colUsage columnID="0A1FB62A-FCC1-7362-4137-C5D2D8F9E369"/>
</indexColumnUsage>
</ind_PK_UK>
<ind_PK_UK id="D83DB380-AFB2-FAC0-0E99-BBB0FF38773C" name="CLIENTES_SITUACAO_CLIENTES_FK">
<createdBy>labsfiap</createdBy>
<createdTime>2025-04-25 11:16:19 UTC</createdTime>
<generatorID>6AB4A3E0-084E-00BF-3906-39D0F75C613B</generatorID>
<ownerDesignName>Modelo Relacional</ownerDesignName>
<indexState>Foreign Key</indexState>
<isSurrogateKey>false</isSurrogateKey>
<indexColumnUsage>
<colUsage columnID="2B3C5053-69E6-F999-8136-3FD1CDE25CB0"/>
</indexColumnUsage>
</ind_PK_UK>
<ind_PK_UK id="D537E226-C6D5-71F5-17D8-D1A588BE53C9" name="CLIENTES_ENDERECOS_CEPS_FK">
<createdBy>labsfiap</createdBy>
<createdTime>2025-04-25 11:16:19 UTC</createdTime>
<generatorID>D1392EBF-D66F-5206-768A-3BCCE965BC3F</generatorID>
<ownerDesignName>Modelo Relacional</ownerDesignName>
<indexState>Foreign Key</indexState>
<isSurrogateKey>false</isSurrogateKey>
<indexColumnUsage>
<colUsage columnID="D9B998BA-263C-C2A2-6519-D39C2E029F9B"/>
</indexColumnUsage>
</ind_PK_UK>
</indexes>
</Table>