<?xml version = '1.0' encoding = 'UTF-8'?>
<Table class="oracle.dbtools.crest.model.design.relational.Table" directorySegmentName="seg_0" id="ABDBC8CC-3DA3-9FE2-043D-A9A77CB37EAA" name="PRODUTOS">
<createdBy>labsfiap</createdBy>
<createdTime>2025-04-25 11:16:19 UTC</createdTime>
<generatorID>44693DD6-B20C-A165-61A0-49DFA2AFFCA3</generatorID>
<ownerDesignName>Modelo Relacional</ownerDesignName>
<allowColumnReorder>false</allowColumnReorder>
<existDependencyGenerateInDDl>true</existDependencyGenerateInDDl>
<parsed>true</parsed>
<columns itemClass="oracle.dbtools.crest.model.design.relational.Column">
<Column name="produto_codigo" id="1947496E-F6C0-6EFE-526B-C3943EBE07E3">
<createdBy>labsfiap</createdBy>
<createdTime>2025-04-25 11:16:19 UTC</createdTime>
<generatorID>6820939A-9252-313E-4617-9AB652ED670B</generatorID>
<ownerDesignName>Modelo Relacional</ownerDesignName>
<useDomainConstraints>false</useDomainConstraints>
<use>1</use>
<logicalDatatype>LOGDT011</logicalDatatype>
<ownDataTypeParameters>,,</ownDataTypeParameters>
<autoIncrementCycle>false</autoIncrementCycle>
</Column>
<Column name="produto_nome" id="5DE6B35B-A498-D799-104F-5D0FE5EC5C4C">
<createdBy>labsfiap</createdBy>
<createdTime>2025-04-25 11:16:19 UTC</createdTime>
<generatorID>C2E5D532-A7F2-7A45-3153-7AC1C23BFFE4</generatorID>
<ownerDesignName>Modelo Relacional</ownerDesignName>
<useDomainConstraints>false</useDomainConstraints>
<use>1</use>
<logicalDatatype>LOGDT024</logicalDatatype>
<dataTypeSize>30</dataTypeSize>
<ownDataTypeParameters>30,,</ownDataTypeParameters>
<autoIncrementCycle>false</autoIncrementCycle>
</Column>
</columns>
<indexes itemClass="oracle.dbtools.crest.model.design.relational.Index">
<ind_PK_UK id="388BF96B-584F-50C9-FE4B-51C9D16502AE" name="PRODUTOS_PK">
<createdBy>labsfiap</createdBy>
<createdTime>2025-04-25 11:16:19 UTC</createdTime>
<generatorID>1A2413A0-09C5-3526-54D5-87F502993E15</generatorID>
<ownerDesignName>Modelo Relacional</ownerDesignName>
<pk>true</pk>
<indexState>Primary Constraint</indexState>
<isSurrogateKey>false</isSurrogateKey>
<indexColumnUsage>
<colUsage columnID="1947496E-F6C0-6EFE-526B-C3943EBE07E3"/>
</indexColumnUsage>
</ind_PK_UK>
</indexes>
</Table>