<?xml version = '1.0' encoding = 'UTF-8'?>
<Table class="oracle.dbtools.crest.model.design.relational.Table" directorySegmentName="seg_0" id="D377C788-F74B-1004-25FD-8046C3681B90" name="FORNECEDORES_PRODUTOS">
<createdBy>labsfiap</createdBy>
<createdTime>2025-04-25 11:16:19 UTC</createdTime>
<generatorID>A96564EC-DE50-E699-B9CB-B1187CB7FB24</generatorID>
<ownerDesignName>Modelo Relacional</ownerDesignName>
<allowColumnReorder>false</allowColumnReorder>
<existDependencyGenerateInDDl>true</existDependencyGenerateInDDl>
<parsed>true</parsed>
<columns itemClass="oracle.dbtools.crest.model.design.relational.Column">
<Column name="FORNECEDORES_fornecedor_codigo" id="DC27457A-BCCE-9F16-93D5-92385299B383">
<createdBy>labsfiap</createdBy>
<createdTime>2025-04-25 11:16:19 UTC</createdTime>
<generatorID>03CAEE41-82AB-5EB4-137E-33662020576F</generatorID>
<ownerDesignName>Modelo Relacional</ownerDesignName>
<useDomainConstraints>false</useDomainConstraints>
<use>1</use>
<logicalDatatype>LOGDT011</logicalDatatype>
<ownDataTypeParameters>,,</ownDataTypeParameters>
<previousColumn>false</previousColumn>
<autoIncrementCycle>false</autoIncrementCycle>
<associations>
<colAssociation fkAssociation="591C70AA-B7B7-9D8A-FAA5-D06E5FDEEFD7" referredColumn="9D6C328B-4171-7F58-BDBC-B8BD82B0B288"/>
</associations>
</Column>
<Column name="PRODUTOS_produto_codigo" id="70F67C57-B074-AC1B-65C6-279218C2ABB6">
<createdBy>labsfiap</createdBy>
<createdTime>2025-04-25 11:16:19 UTC</createdTime>
<generatorID>052B7E86-9925-5433-7FC6-44B2704FCA01</generatorID>
<ownerDesignName>Modelo Relacional</ownerDesignName>
<useDomainConstraints>false</useDomainConstraints>
<use>1</use>
<logicalDatatype>LOGDT011</logicalDatatype>
<ownDataTypeParameters>,,</ownDataTypeParameters>
<previousColumn>false</previousColumn>
<autoIncrementCycle>false</autoIncrementCycle>
<associations>
<colAssociation fkAssociation="79E7586C-4CCF-1521-AF79-D1D556DF72D1" referredColumn="1947496E-F6C0-6EFE-526B-C3943EBE07E3"/>
</associations>
</Column>
</columns>
<indexes itemClass="oracle.dbtools.crest.model.design.relational.Index">
<ind_PK_UK id="BCBDFAC7-BEFB-6551-3384-9F34FF962DE7" name="FORNECEDORES_PRODUTOS_PK">
<createdBy>labsfiap</createdBy>
<createdTime>2025-04-25 11:16:19 UTC</createdTime>
<generatorID>47D437BD-9A83-E5E5-57FB-362FCED24276</generatorID>
<ownerDesignName>Modelo Relacional</ownerDesignName>
<pk>true</pk>
<indexState>Primary Constraint</indexState>
<isSurrogateKey>false</isSurrogateKey>
<indexColumnUsage>
<colUsage columnID="DC27457A-BCCE-9F16-93D5-92385299B383"/>
<colUsage columnID="70F67C57-B074-AC1B-65C6-279218C2ABB6"/>
</indexColumnUsage>
</ind_PK_UK>
<ind_PK_UK id="70EF9D2C-D555-D93D-DC30-57CC0721B76A" name="FORNECEDORES_FK">
<createdBy>labsfiap</createdBy>
<createdTime>2025-04-25 11:16:19 UTC</createdTime>
<generatorID>4F2C6CAF-5353-E69B-8E8C-240C11064FDA</generatorID>
<ownerDesignName>Modelo Relacional</ownerDesignName>
<indexState>Foreign Key</indexState>
<isSurrogateKey>false</isSurrogateKey>
<indexColumnUsage>
<colUsage columnID="DC27457A-BCCE-9F16-93D5-92385299B383"/>
</indexColumnUsage>
</ind_PK_UK>
<ind_PK_UK id="DBBFDD5C-7841-040D-13BA-FA0DAB5949EE" name="PRODUTOS_FK">
<createdBy>labsfiap</createdBy>
<createdTime>2025-04-25 11:16:19 UTC</createdTime>
<generatorID>29F15C84-663E-B87D-8F8B-F1299A6392C5</generatorID>
<ownerDesignName>Modelo Relacional</ownerDesignName>
<indexState>Foreign Key</indexState>
<isSurrogateKey>false</isSurrogateKey>
<indexColumnUsage>
<colUsage columnID="70F67C57-B074-AC1B-65C6-279218C2ABB6"/>
</indexColumnUsage>
</ind_PK_UK>
</indexes>
</Table>